sweep,x,y,peak_P2_P1,P1_peak_release_uM_per_s,P1_integrated_release_uM,low_output_mask
RT_x_IPI,3.0,0.1,1.8196784523682976,0.00323978273799168,0.007321459710560529,False
RT_x_IPI,3.466666666666667,0.1,1.6853810578686605,0.00323978273799168,0.007321459710560529,False
RT_x_IPI,3.9333333333333336,0.1,1.5686780432377345,0.00323978273799168,0.007321459710560529,False
RT_x_IPI,4.4,0.1,1.4698632557700566,0.00323978273799168,0.007321459710560529,False
RT_x_IPI,4.866666666666667,0.1,1.3878488581120718,0.00323978273799168,0.007321459710560529,False
RT_x_IPI,5.333333333333334,0.1,1.3209838275308023,0.00323978273799168,0.007321459710560529,False
RT_x_IPI,5.8,0.1,1.2672353271042158,0.00323978273799168,0.007321459710560529,False
RT_x_IPI,6.266666666666667,0.1,1.224647501876776,0.00323978273799168,0.007321459710560529,False
RT_x_IPI,6.733333333333333,0.1,1.191348327464195,0.00323978273799168,0.007321459710560529,False
RT_x_IPI,7.2,0.1,1.165778572488545,0.00323978273799168,0.007321459710560529,False
RT_x_IPI,7.666666666666667,0.1,1.146366908010777,0.00323978273799168,0.007321459710560529,False
RT_x_IPI,8.133333333333333,0.1,1.131994879350215,0.00323978273799168,0.007321459710560529,False
RT_x_IPI,8.6,0.1,1.1215337739065898,0.00323978273799168,0.007321459710560529,False
RT_x_IPI,9.066666666666666,0.1,1.1141712494184426,0.00323978273799168,0.007321459710560529,False
RT_x_IPI,9.533333333333333,0.1,1.1091696663598938,0.00323978273799168,0.007321459710560529,False
RT_x_IPI,10.0,0.1,1.1059379266392424,0.00323978273799168,0.007321459710560529,False
RT_x_IPI,3.0,0.14234208838643417,1.5986331341752553,0.004311410661866755,0.00981181511637512,False
RT_x_IPI,3.466666666666667,0.14234208838643417,1.4555466406207358,0.004311410661866755,0.00981181511637512,False
RT_x_IPI,3.9333333333333336,0.14234208838643417,1.3361064965625256,0.004311410661866755,0.00981181511637512,False
RT_x_IPI,4.4,0.14234208838643417,1.2393808335249037,0.004311410661866755,0.00981181511637512,False
RT_x_IPI,4.866666666666667,0.14234208838643417,1.1631905750894171,0.004311410661866755,0.00981181511637512,False
RT_x_IPI,5.333333333333334,0.14234208838643417,1.1045490160700606,0.004311410661866755,0.00981181511637512,False
RT_x_IPI,5.8,0.14234208838643417,1.0605783608167414,0.004311410661866755,0.00981181511637512,False
RT_x_IPI,6.266666666666667,0.14234208838643417,1.0286508194489343,0.004311410661866755,0.00981181511637512,False
RT_x_IPI,6.733333333333333,0.14234208838643417,1.0064242753248502,0.004311410661866755,0.00981181511637512,False
RT_x_IPI,7.2,0.14234208838643417,0.9919176317568567,0.004311410661866755,0.00981181511637512,False
RT_x_IPI,7.666666666666667,0.14234208838643417,0.983406139613576,0.004311410661866755,0.00981181511637512,False
RT_x_IPI,8.133333333333333,0.14234208838643417,0.9795933284519733,0.004311410661866755,0.00981181511637512,False
RT_x_IPI,8.6,0.14234208838643417,0.9792334691890348,0.004311410661866755,0.00981181511637512,False
RT_x_IPI,9.066666666666666,0.14234208838643417,0.9815426553762145,0.004311410661866755,0.00981181511637512,False
RT_x_IPI,9.533333333333333,0.14234208838643417,0.9856464885443996,0.004311410661866755,0.00981181511637512,False
RT_x_IPI,10.0,0.14234208838643417,0.9909589384023605,0.004311410661866755,0.00981181511637512,False
RT_x_IPI,3.0,0.20261270126211434,1.3555409159894578,0.005645524451334855,0.012870855084436863,False
RT_x_IPI,3.466666666666667,0.20261270126211434,1.2077458426122991,0.005645524451334855,0.012870855084436863,False
RT_x_IPI,3.9333333333333336,0.20261270126211434,1.0906501771608117,0.005645524451334855,0.012870855084436863,False
RT_x_IPI,4.4,0.20261270126211434,1.0011647675101292,0.005645524451334855,0.012870855084436863,False
RT_x_IPI,4.866666666666667,0.20261270126211434,0.9352121742423681,0.005645524451334855,0.012870855084436863,False
RT_x_IPI,5.333333333333334,0.20261270126211434,0.8885036680349019,0.005645524451334855,0.012870855084436863,False
RT_x_IPI,5.8,0.20261270126211434,0.8571137192382895,0.005645524451334855,0.012870855084436863,False
RT_x_IPI,6.266666666666667,0.20261270126211434,0.8378110151531946,0.005645524451334855,0.012870855084436863,False
RT_x_IPI,6.733333333333333,0.20261270126211434,0.827936447121211,0.005645524451334855,0.012870855084436863,False
RT_x_IPI,7.2,0.20261270126211434,0.825296551352797,0.005645524451334855,0.012870855084436863,False
RT_x_IPI,7.666666666666667,0.20261270126211434,0.8281316454250793,0.005645524451334855,0.012870855084436863,False
RT_x_IPI,8.133333333333333,0.20261270126211434,0.8349614594074158,0.005645524451334855,0.012870855084436863,False
RT_x_IPI,8.6,0.20261270126211434,0.8447354951021135,0.005645524451334855,0.012870855084436863,False
RT_x_IPI,9.066666666666666,0.20261270126211434,0.8564614789099624,0.005645524451334855,0.012870855084436863,False
RT_x_IPI,9.533333333333333,0.20261270126211434,0.8694008055859919,0.005645524451334855,0.012870855084436863,False
RT_x_IPI,10.0,0.20261270126211434,0.8829262875526972,0.005645524451334855,0.012870855084436863,False
RT_x_IPI,3.0,0.28840315031266056,1.09971326003063,0.007259255384325578,0.016433735200695895,False
RT_x_IPI,3.466666666666667,0.28840315031266056,0.9544318688008836,0.007259255384325578,0.016433735200695895,False
RT_x_IPI,3.9333333333333336,0.28840315031266056,0.846595272839976,0.007259255384325578,0.016433735200695895,False
RT_x_IPI,4.4,0.28840315031266056,0.7701859099624133,0.007259255384325578,0.016433735200695895,False
RT_x_IPI,4.866666666666667,0.28840315031266056,0.7186973579690307,0.007259255384325578,0.016433735200695895,False
RT_x_IPI,5.333333333333334,0.28840315031266056,0.6864962803522704,0.007259255384325578,0.016433735200695895,False
RT_x_IPI,5.8,0.28840315031266056,0.6690687641794617,0.007259255384325578,0.016433735200695895,False
RT_x_IPI,6.266666666666667,0.28840315031266056,0.6628286763969308,0.007259255384325578,0.016433735200695895,False
RT_x_IPI,6.733333333333333,0.28840315031266056,0.6650813212240011,0.007259255384325578,0.016433735200695895,False
RT_x_IPI,7.2,0.28840315031266056,0.6736786073443101,0.007259255384325578,0.016433735200695895,False
RT_x_IPI,7.666666666666667,0.28840315031266056,0.686896771935502,0.007259255384325578,0.016433735200695895,False
RT_x_IPI,8.133333333333333,0.28840315031266056,0.7035296260817888,0.007259255384325578,0.016433735200695895,False
RT_x_IPI,8.6,0.28840315031266056,0.7223563325471027,0.007259255384325578,0.016433735200695895,False
RT_x_IPI,9.066666666666666,0.28840315031266056,0.7425432232502548,0.007259255384325578,0.016433735200695895,False
RT_x_IPI,9.533333333333333,0.28840315031266056,0.7633644537227581,0.007259255384325578,0.016433735200695895,False
RT_x_IPI,10.0,0.28840315031266056,0.784246107287876,0.007259255384325578,0.016433735200695895,False
RT_x_IPI,3.0,0.41051906712730785,0.9156390611309014,0.00914692776060592,0.020308785109422564,False
RT_x_IPI,3.466666666666667,0.41051906712730785,0.7449012866353291,0.00914692776060592,0.020308785109422564,False
RT_x_IPI,3.9333333333333336,0.41051906712730785,0.620890450108133,0.00914692776060592,0.020308785109422564,False
RT_x_IPI,4.4,0.41051906712730785,0.5620728878692127,0.00914692776060592,0.020308785109422564,False
RT_x_IPI,4.866666666666667,0.41051906712730785,0.5271731497489462,0.00914692776060592,0.020308785109422564,False
RT_x_IPI,5.333333333333334,0.41051906712730785,0.5098445789925029,0.00914692776060592,0.020308785109422564,False
RT_x_IPI,5.8,0.41051906712730785,0.5055389911000536,0.00914692776060592,0.020308785109422564,False
RT_x_IPI,6.266666666666667,0.41051906712730785,0.5108613370801448,0.00914692776060592,0.020308785109422564,False
RT_x_IPI,6.733333333333333,0.41051906712730785,0.5234144796480403,0.00914692776060592,0.020308785109422564,False
RT_x_IPI,7.2,0.41051906712730785,0.5413031877800922,0.00914692776060592,0.020308785109422564,False
RT_x_IPI,7.666666666666667,0.41051906712730785,0.5631360547896184,0.00914692776060592,0.020308785109422564,False
RT_x_IPI,8.133333333333333,0.41051906712730785,0.5876406574643658,0.00914692776060592,0.020308785109422564,False
RT_x_IPI,8.6,0.41051906712730785,0.6138802739663753,0.00914692776060592,0.020308785109422564,False
RT_x_IPI,9.066666666666666,0.41051906712730785,0.6410610477220627,0.00914692776060592,0.020308785109422564,False
RT_x_IPI,9.533333333333333,0.41051906712730785,0.6684460563256615,0.00914692776060592,0.020308785109422564,False
RT_x_IPI,10.0,0.41051906712730785,0.6956231231613814,0.00914692776060592,0.020308785109422564,False
RT_x_IPI,3.0,0.5843414133735175,0.8392933518051727,0.011271176417430282,0.0241772678073177,False
RT_x_IPI,3.466666666666667,0.5843414133735175,0.6277654901906055,0.011271176417430282,0.0241772678073177,False
RT_x_IPI,3.9333333333333336,0.5843414133735175,0.4381802553259411,0.011271176417430282,0.0241772678073177,False
RT_x_IPI,4.4,0.5843414133735175,0.3885188703412387,0.011271176417430282,0.0241772678073177,False
RT_x_IPI,4.866666666666667,0.5843414133735175,0.36939574244111556,0.011271176417430282,0.0241772678073177,False
RT_x_IPI,5.333333333333334,0.5843414133735175,0.3648127303677031,0.011271176417430282,0.0241772678073177,False
RT_x_IPI,5.8,0.5843414133735175,0.37081993226116877,0.011271176417430282,0.0241772678073177,False
RT_x_IPI,6.266666666666667,0.5843414133735175,0.3847733039273929,0.011271176417430282,0.0241772678073177,False
RT_x_IPI,6.733333333333333,0.5843414133735175,0.4047593140089559,0.011271176417430282,0.0241772678073177,False
RT_x_IPI,7.2,0.5843414133735175,0.4292668742520964,0.011271176417430282,0.0241772678073177,False
RT_x_IPI,7.666666666666667,0.5843414133735175,0.45713644893629296,0.011271176417430282,0.0241772678073177,False
RT_x_IPI,8.133333333333333,0.5843414133735175,0.4873882430904809,0.011271176417430282,0.0241772678073177,False
RT_x_IPI,8.6,0.5843414133735175,0.5191533254245643,0.011271176417430282,0.0241772678073177,False
RT_x_IPI,9.066666666666666,0.5843414133735175,0.551622671386809,0.011271176417430282,0.0241772678073177,False
RT_x_IPI,9.533333333333333,0.5843414133735175,0.5842099250777077,0.011271176417430282,0.0241772678073177,False
RT_x_IPI,10.0,0.5843414133735175,0.6163513943246053,0.011271176417430282,0.0241772678073177,False
RT_x_IPI,3.0,0.8317637711026709,0.7345838133327643,0.013557377641203024,0.02764744965694069,False
RT_x_IPI,3.466666666666667,0.8317637711026709,0.4956736732049335,0.013557377641203024,0.02764744965694069,False
RT_x_IPI,3.9333333333333336,0.8317637711026709,0.3116806562685028,0.013557377641203024,0.02764744965694069,False
RT_x_IPI,4.4,0.8317637711026709,0.25447959493541666,0.013557377641203024,0.02764744965694069,False
RT_x_IPI,4.866666666666667,0.8317637711026709,0.24774520667358246,0.013557377641203024,0.02764744965694069,False
RT_x_IPI,5.333333333333334,0.8317637711026709,0.2521159298231745,0.013557377641203024,0.02764744965694069,False
RT_x_IPI,5.8,0.8317637711026709,0.2647795874639336,0.013557377641203024,0.02764744965694069,False
RT_x_IPI,6.266666666666667,0.8317637711026709,0.2838485590507958,0.013557377641203024,0.02764744965694069,False
RT_x_IPI,6.733333333333333,0.8317637711026709,0.30808392837174414,0.013557377641203024,0.02764744965694069,False
RT_x_IPI,7.2,0.8317637711026709,0.33636178404916767,0.013557377641203024,0.02764744965694069,False
RT_x_IPI,7.666666666666667,0.8317637711026709,0.3677726504457524,0.013557377641203024,0.02764744965694069,False
RT_x_IPI,8.133333333333333,0.8317637711026709,0.40146504580490194,0.013557377641203024,0.02764744965694069,False
RT_x_IPI,8.6,0.8317637711026709,0.4367915073831455,0.013557377641203024,0.02764744965694069,False
RT_x_IPI,9.066666666666666,0.8317637711026709,0.4728572044451784,0.013557377641203024,0.02764744965694069,False
RT_x_IPI,9.533333333333333,0.8317637711026709,0.5091928180469402,0.013557377641203024,0.02764744965694069,False
RT_x_IPI,10.0,0.8317637711026709,0.5451582491081131,0.013557377641203024,0.02764744965694069,False
RT_x_IPI,3.0,1.1839499222293017,0.6081908104267106,0.015886404184152148,0.030353889032338342,False
RT_x_IPI,3.466666666666667,1.1839499222293017,0.36345328594233645,0.015886404184152148,0.030353889032338342,False
RT_x_IPI,3.9333333333333336,1.1839499222293017,0.20266888385648066,0.015886404184152148,0.030353889032338342,False
RT_x_IPI,4.4,1.1839499222293017,0.15825992322148338,0.015886404184152148,0.030353889032338342,False
RT_x_IPI,4.866666666666667,1.1839499222293017,0.15945808450871907,0.015886404184152148,0.030353889032338342,False
RT_x_IPI,5.333333333333334,1.1839499222293017,0.16871301194202937,0.015886404184152148,0.030353889032338342,False
RT_x_IPI,5.8,1.1839499222293017,0.18437812349320828,0.015886404184152148,0.030353889032338342,False
RT_x_IPI,6.266666666666667,1.1839499222293017,0.2053498272061241,0.015886404184152148,0.030353889032338342,False
RT_x_IPI,6.733333333333333,1.1839499222293017,0.23088377081930933,0.015886404184152148,0.030353889032338342,False
RT_x_IPI,7.2,1.1839499222293017,0.26026536242439785,0.015886404184152148,0.030353889032338342,False
RT_x_IPI,7.666666666666667,1.1839499222293017,0.29290674050973026,0.015886404184152148,0.030353889032338342,False
RT_x_IPI,8.133333333333333,1.1839499222293017,0.32798204851033286,0.015886404184152148,0.030353889032338342,False
RT_x_IPI,8.6,1.1839499222293017,0.3649781950754502,0.015886404184152148,0.030353889032338342,False
RT_x_IPI,9.066666666666666,1.1839499222293017,0.4030781335625887,0.015886404184152148,0.030353889032338342,False
RT_x_IPI,9.533333333333333,1.1839499222293017,0.44166930478315886,0.015886404184152148,0.030353889032338342,False
RT_x_IPI,10.0,1.1839499222293017,0.4801626394463223,0.015886404184152148,0.030353889032338342,False
RT_x_IPI,3.0,1.685259044750751,0.4732077216990982,0.018099397198526903,0.032045359536212806,False
RT_x_IPI,3.466666666666667,1.685259044750751,0.24635928901889823,0.018099397198526903,0.032045359536212806,False
RT_x_IPI,3.9333333333333336,1.685259044750751,0.12023856143946024,0.018099397198526903,0.032045359536212806,False
RT_x_IPI,4.4,1.685259044750751,0.09369770553401716,0.018099397198526903,0.032045359536212806,False
RT_x_IPI,4.866666666666667,1.685259044750751,0.09868897003527283,0.018099397198526903,0.032045359536212806,False
RT_x_IPI,5.333333333333334,1.685259044750751,0.10943285255727359,0.018099397198526903,0.032045359536212806,False
RT_x_IPI,5.8,1.685259044750751,0.1251995681302131,0.018099397198526903,0.032045359536212806,False
RT_x_IPI,6.266666666666667,1.685259044750751,0.14550400438508615,0.018099397198526903,0.032045359536212806,False
RT_x_IPI,6.733333333333333,1.685259044750751,0.17000474216523923,0.018099397198526903,0.032045359536212806,False
RT_x_IPI,7.2,1.685259044750751,0.19841289887084246,0.018099397198526903,0.032045359536212806,False
RT_x_IPI,7.666666666666667,1.685259044750751,0.23015373599246083,0.018099397198526903,0.032045359536212806,False
RT_x_IPI,8.133333333333333,1.685259044750751,0.26481666896016537,0.018099397198526903,0.032045359536212806,False
RT_x_IPI,8.6,1.685259044750751,0.30175181148980107,0.018099397198526903,0.032045359536212806,False
RT_x_IPI,9.066666666666666,1.685259044750751,0.3403067724746931,0.018099397198526903,0.032045359536212806,False
RT_x_IPI,9.533333333333333,1.685259044750751,0.3798366042928068,0.018099397198526903,0.032045359536212806,False
RT_x_IPI,10.0,1.685259044750751,0.4197288744954476,0.018099397198526903,0.032045359536212806,False
RT_x_IPI,3.0,2.39883291901949,0.34500752447575334,0.02000941729623862,0.03261554267531942,False
RT_x_IPI,3.466666666666667,2.39883291901949,0.15433649433703564,0.02000941729623862,0.03261554267531942,False
RT_x_IPI,3.9333333333333336,2.39883291901949,0.06524521172727406,0.02000941729623862,0.03261554267531942,False
RT_x_IPI,4.4,2.39883291901949,0.05280489001600421,0.02000941729623862,0.03261554267531942,False
RT_x_IPI,4.866666666666667,2.39883291901949,0.05867900436602955,0.02000941729623862,0.03261554267531942,False
RT_x_IPI,5.333333333333334,2.39883291901949,0.06865511937587357,0.02000941729623862,0.03261554267531942,False
RT_x_IPI,5.8,2.39883291901949,0.08259710879691633,0.02000941729623862,0.03261554267531942,False
RT_x_IPI,6.266666666666667,2.39883291901949,0.10053623368627675,0.02000941729623862,0.03261554267531942,False
RT_x_IPI,6.733333333333333,2.39883291901949,0.12239282491456752,0.02000941729623862,0.03261554267531942,False
RT_x_IPI,7.2,2.39883291901949,0.14814600750072018,0.02000941729623862,0.03261554267531942,False
RT_x_IPI,7.666666666666667,2.39883291901949,0.1775107695340634,0.02000941729623862,0.03261554267531942,False
RT_x_IPI,8.133333333333333,2.39883291901949,0.2101154420043377,0.02000941729623862,0.03261554267531942,False
RT_x_IPI,8.6,2.39883291901949,0.24548255297339946,0.02000941729623862,0.03261554267531942,False
RT_x_IPI,9.066666666666666,2.39883291901949,0.2830403325758243,0.02000941729623862,0.03261554267531942,False
RT_x_IPI,9.533333333333333,2.39883291901949,0.32215278870520375,0.02000941729623862,0.03261554267531942,False
RT_x_IPI,10.0,2.39883291901949,0.3621871028318332,0.02000941729623862,0.03261554267531942,False
RT_x_IPI,3.0,3.414548873833601,0.23579338077940976,0.021422058254467673,0.03207533631801266,False
RT_x_IPI,3.466666666666667,3.414548873833601,0.08959999330316806,0.021422058254467673,0.03207533631801266,False
RT_x_IPI,3.9333333333333336,3.414548873833601,0.032525728926783265,0.021422058254467673,0.03207533631801266,False
RT_x_IPI,4.4,3.414548873833601,0.02822946553855776,0.021422058254467673,0.03207533631801266,False
RT_x_IPI,4.866666666666667,3.414548873833601,0.033357098972440685,0.021422058254467673,0.03207533631801266,False
RT_x_IPI,5.333333333333334,3.414548873833601,0.04140737049745367,0.021422058254467673,0.03207533631801266,False
RT_x_IPI,5.8,3.414548873833601,0.05260102469773647,0.021422058254467673,0.03207533631801266,False
RT_x_IPI,6.266666666666667,3.414548873833601,0.06721172516111214,0.021422058254467673,0.03207533631801266,False
RT_x_IPI,6.733333333333333,3.414548873833601,0.08547830619675564,0.021422058254467673,0.03207533631801266,False
RT_x_IPI,7.2,3.414548873833601,0.10750087131407067,0.021422058254467673,0.03207533631801266,False
RT_x_IPI,7.666666666666667,3.414548873833601,0.13324725064245374,0.021422058254467673,0.03207533631801266,False
RT_x_IPI,8.133333333333333,3.414548873833601,0.16252625986062463,0.021422058254467673,0.03207533631801266,False
RT_x_IPI,8.6,3.414548873833601,0.19505763054000874,0.021422058254467673,0.03207533631801266,False
RT_x_IPI,9.066666666666666,3.414548873833601,0.23032850517516446,0.021422058254467673,0.03207533631801266,False
RT_x_IPI,9.533333333333333,3.414548873833601,0.2677724833347427,0.021422058254467673,0.03207533631801266,False
RT_x_IPI,10.0,3.414548873833601,0.3067561474035508,0.021422058254467673,0.03207533631801266,False
RT_x_IPI,3.0,4.860340175990216,0.15131255823287612,0.022177395114492415,0.03051654300268023,False
RT_x_IPI,3.466666666666667,4.860340175990216,0.04834534196463438,0.022177395114492415,0.03051654300268023,False
RT_x_IPI,3.9333333333333336,4.860340175990216,0.014948950735190309,0.022177395114492415,0.03051654300268023,False
RT_x_IPI,4.4,4.860340175990216,0.014190549990997893,0.022177395114492415,0.03051654300268023,False
RT_x_IPI,4.866666666666667,4.860340175990216,0.01794043795013102,0.022177395114492415,0.03051654300268023,False
RT_x_IPI,5.333333333333334,4.860340175990216,0.023738460860945606,0.022177395114492415,0.03051654300268023,False
RT_x_IPI,5.8,4.860340175990216,0.03194566520921936,0.022177395114492415,0.03051654300268023,False
RT_x_IPI,6.266666666666667,4.860340175990216,0.04298512890035927,0.022177395114492415,0.03051654300268023,False
RT_x_IPI,6.733333333333333,4.860340175990216,0.05723509108515966,0.022177395114492415,0.03051654300268023,False
RT_x_IPI,7.2,4.860340175990216,0.07497783287413545,0.022177395114492415,0.03051654300268023,False
RT_x_IPI,7.666666666666667,4.860340175990216,0.0963572784334741,0.022177395114492415,0.03051654300268023,False
RT_x_IPI,8.133333333333333,4.860340175990216,0.12140162479777157,0.022177395114492415,0.03051654300268023,False
RT_x_IPI,8.6,4.860340175990216,0.14998699769229243,0.022177395114492415,0.03051654300268023,False
RT_x_IPI,9.066666666666666,4.860340175990216,0.1817263823538372,0.022177395114492415,0.03051654300268023,False
RT_x_IPI,9.533333333333333,4.860340175990216,0.21618654949761426,0.022177395114492415,0.03051654300268023,False
RT_x_IPI,10.0,4.860340175990216,0.2529700863439695,0.022177395114492415,0.03051654300268023,False
RT_x_IPI,3.0,6.918309709189362,0.09140533845138427,0.022154613082227603,0.02808900806661346,False
RT_x_IPI,3.466666666666667,6.918309709189362,0.02431492801784625,0.022154613082227603,0.02808900806661346,False
RT_x_IPI,3.9333333333333336,6.918309709189362,0.00635250601876778,0.022154613082227603,0.02808900806661346,False
RT_x_IPI,4.4,6.918309709189362,0.006614972547042798,0.022154613082227603,0.02808900806661346,False
RT_x_IPI,4.866666666666667,6.918309709189362,0.009004269317342984,0.022154613082227603,0.02808900806661346,False
RT_x_IPI,5.333333333333334,6.918309709189362,0.012751819331663736,0.022154613082227603,0.02808900806661346,False
RT_x_IPI,5.8,6.918309709189362,0.018243411966878897,0.022154613082227603,0.02808900806661346,False
RT_x_IPI,6.266666666666667,6.918309709189362,0.025918610135822497,0.022154613082227603,0.02808900806661346,False
RT_x_IPI,6.733333333333333,6.918309709189362,0.036241431888843705,0.022154613082227603,0.02808900806661346,False
RT_x_IPI,7.2,6.918309709189362,0.04957286479585684,0.022154613082227603,0.02808900806661346,False
RT_x_IPI,7.666666666666667,6.918309709189362,0.06628840208660963,0.022154613082227603,0.02808900806661346,False
RT_x_IPI,8.133333333333333,6.918309709189362,0.08650586392020983,0.022154613082227603,0.02808900806661346,False
RT_x_IPI,8.6,6.918309709189362,0.11032405880548084,0.022154613082227603,0.02808900806661346,False
RT_x_IPI,9.066666666666666,6.918309709189362,0.13758610309688,0.022154613082227603,0.02808900806661346,False
RT_x_IPI,9.533333333333333,6.918309709189362,0.16799905686006722,0.022154613082227603,0.02808900806661346,False
RT_x_IPI,10.0,6.918309709189362,0.20125959626664547,0.022154613082227603,0.02808900806661346,False
RT_x_IPI,3.0,9.847666521101578,0.05206596782725786,0.021314567322795595,0.02498725817299156,False
RT_x_IPI,3.466666666666667,9.847666521101578,0.0114210976359807,0.021314567322795595,0.02498725817299156,False
RT_x_IPI,3.9333333333333336,9.847666521101578,0.0025016387811186637,0.021314567322795595,0.02498725817299156,False
RT_x_IPI,4.4,9.847666521101578,0.002812862046934971,0.021314567322795595,0.02498725817299156,False
RT_x_IPI,4.866666666666667,9.847666521101578,0.0041420060963968065,0.021314567322795595,0.02498725817299156,False
RT_x_IPI,5.333333333333334,9.847666521101578,0.0063049700011050735,0.021314567322795595,0.02498725817299156,False
RT_x_IPI,5.8,9.847666521101578,0.009617754200917709,0.021314567322795595,0.02498725817299156,False
RT_x_IPI,6.266666666666667,9.847666521101578,0.014489316256150011,0.021314567322795595,0.02498725817299156,False
RT_x_IPI,6.733333333333333,9.847666521101578,0.021335363748438987,0.021314567322795595,0.02498725817299156,False
RT_x_IPI,7.2,9.847666521101578,0.03059959851310406,0.021314567322795595,0.02498725817299156,False
RT_x_IPI,7.666666666666667,9.847666521101578,0.042705216193407204,0.021314567322795595,0.02498725817299156,False
RT_x_IPI,8.133333333333333,9.847666521101578,0.05793742341795919,0.021314567322795595,0.02498725817299156,False
RT_x_IPI,8.6,9.847666521101578,0.07657637842815321,0.021314567322795595,0.02498725817299156,False
RT_x_IPI,9.066666666666666,9.847666521101578,0.09863425168748755,0.021314567322795595,0.02498725817299156,False
RT_x_IPI,9.533333333333333,9.847666521101578,0.12408366164236015,0.021314567322795595,0.02498725817299156,False
RT_x_IPI,10.0,9.847666521101578,0.15266274544265368,0.021314567322795595,0.02498725817299156,False
RT_x_IPI,3.0,14.017374183467695,0.027977181739661888,0.01972856590535098,0.021442304226635716,False
RT_x_IPI,3.466666666666667,14.017374183467695,0.0050190411048195785,0.01972856590535098,0.021442304226635716,False
RT_x_IPI,3.9333333333333336,14.017374183467695,0.0009162594597181101,0.01972856590535098,0.021442304226635716,False
RT_x_IPI,4.4,14.017374183467695,0.0010688210115432993,0.01972856590535098,0.021442304226635716,False
RT_x_IPI,4.866666666666667,14.017374183467695,0.0017101853123903928,0.01972856590535098,0.021442304226635716,False
RT_x_IPI,5.333333333333334,14.017374183467695,0.0028054657744178498,0.01972856590535098,0.021442304226635716,False
RT_x_IPI,5.8,14.017374183467695,0.00458407657674201,0.01972856590535098,0.021442304226635716,False
RT_x_IPI,6.266666666666667,14.017374183467695,0.0073406749873970835,0.01972856590535098,0.021442304226635716,False
RT_x_IPI,6.733333333333333,14.017374183467695,0.011431978443539392,0.01972856590535098,0.021442304226635716,False
RT_x_IPI,7.2,14.017374183467695,0.017259547587162024,0.01972856590535098,0.021442304226635716,False
RT_x_IPI,7.666666666666667,14.017374183467695,0.025234583996079016,0.01972856590535098,0.021442304226635716,False
RT_x_IPI,8.133333333333333,14.017374183467695,0.03577858626864843,0.01972856590535098,0.021442304226635716,False
RT_x_IPI,8.6,14.017374183467695,0.04922084855919965,0.01972856590535098,0.021442304226635716,False
RT_x_IPI,9.066666666666666,14.017374183467695,0.06577649031880625,0.01972856590535098,0.021442304226635716,False
RT_x_IPI,9.533333333333333,14.017374183467695,0.08560378120789994,0.01972856590535098,0.021442304226635716,False
RT_x_IPI,10.0,14.017374183467695,0.10869448661470432,0.01972856590535098,0.021442304226635716,False
RT_x_IPI,3.0,19.952623149688797,0.01423751790861061,0.01751072123215898,0.017701683371051245,False
RT_x_IPI,3.466666666666667,19.952623149688797,0.002079645376822299,0.01751072123215898,0.017701683371051245,False
RT_x_IPI,3.9333333333333336,19.952623149688797,0.0003159835334321967,0.01751072123215898,0.017701683371051245,False
RT_x_IPI,4.4,19.952623149688797,0.0003551017881973355,0.01751072123215898,0.017701683371051245,False
RT_x_IPI,4.866666666666667,19.952623149688797,0.0006188296962913593,0.01751072123215898,0.017701683371051245,False
RT_x_IPI,5.333333333333334,19.952623149688797,0.0010969604377358728,0.01751072123215898,0.017701683371051245,False
RT_x_IPI,5.8,19.952623149688797,0.0019225497765445964,0.01751072123215898,0.017701683371051245,False
RT_x_IPI,6.266666666666667,19.952623149688797,0.003283480946820064,0.01751072123215898,0.017701683371051245,False
RT_x_IPI,6.733333333333333,19.952623149688797,0.005428491933718651,0.01751072123215898,0.017701683371051245,False
RT_x_IPI,7.2,19.952623149688797,0.008668184148079123,0.01751072123215898,0.017701683371051245,False
RT_x_IPI,7.666666666666667,19.952623149688797,0.013355939061551823,0.01751072123215898,0.017701683371051245,False
RT_x_IPI,8.133333333333333,19.952623149688797,0.0198819070790457,0.01751072123215898,0.017701683371051245,False
RT_x_IPI,8.6,19.952623149688797,0.028627470035545288,0.01751072123215898,0.017701683371051245,False
RT_x_IPI,9.066666666666666,19.952623149688797,0.03993476900066626,0.01751072123215898,0.017701683371051245,False
RT_x_IPI,9.533333333333333,19.952623149688797,0.05405842412611259,0.01751072123215898,0.017701683371051245,False
RT_x_IPI,10.0,19.952623149688797,0.07114431199755493,0.01751072123215898,0.017701683371051245,False
kPDEi_x_IPI,3.0,0.1,2.5069749036265256,0.03734517192276783,0.08157745136997013,False
kPDEi_x_IPI,3.466666666666667,0.1,2.413668278052455,0.03734517192276783,0.08157745136997013,False
kPDEi_x_IPI,3.9333333333333336,0.1,2.324365348476832,0.03734517192276783,0.08157745136997013,False
kPDEi_x_IPI,4.4,0.1,2.2399970181022795,0.03734517192276783,0.08157745136997013,False
kPDEi_x_IPI,4.866666666666667,0.1,2.1608157687819767,0.03734517192276783,0.08157745136997013,False
kPDEi_x_IPI,5.333333333333334,0.1,2.087026019816056,0.03734517192276783,0.08157745136997013,False
kPDEi_x_IPI,5.8,0.1,2.018432584559794,0.03734517192276783,0.08157745136997013,False
kPDEi_x_IPI,6.266666666666667,0.1,1.95480418853733,0.03734517192276783,0.08157745136997013,False
kPDEi_x_IPI,6.733333333333333,0.1,1.8959002128645233,0.03734517192276783,0.08157745136997013,False
kPDEi_x_IPI,7.2,0.1,1.8414029006456496,0.03734517192276783,0.08157745136997013,False
kPDEi_x_IPI,7.666666666666667,0.1,1.7909497935123528,0.03734517192276783,0.08157745136997013,False
kPDEi_x_IPI,8.133333333333333,0.1,1.7442278663419006,0.03734517192276783,0.08157745136997013,False
kPDEi_x_IPI,8.6,0.1,1.700999074258485,0.03734517192276783,0.08157745136997013,False
kPDEi_x_IPI,9.066666666666666,0.1,1.6608806634619988,0.03734517192276783,0.08157745136997013,False
kPDEi_x_IPI,9.533333333333333,0.1,1.6237160211864088,0.03734517192276783,0.08157745136997013,False
kPDEi_x_IPI,10.0,0.1,1.589139498863318,0.03734517192276783,0.08157745136997013,False
kPDEi_x_IPI,3.0,0.13593563908785256,2.424965538349254,0.03649217483493837,0.08028928252785078,False
kPDEi_x_IPI,3.466666666666667,0.13593563908785256,2.3270296865093365,0.03649217483493837,0.08028928252785078,False
kPDEi_x_IPI,3.9333333333333336,0.13593563908785256,2.2343201180040526,0.03649217483493837,0.08028928252785078,False
kPDEi_x_IPI,4.4,0.13593563908785256,2.1475929807607983,0.03649217483493837,0.08028928252785078,False
kPDEi_x_IPI,4.866666666666667,0.13593563908785256,2.0672677784398825,0.03649217483493837,0.08028928252785078,False
kPDEi_x_IPI,5.333333333333334,0.13593563908785256,1.9931837175326557,0.03649217483493837,0.08028928252785078,False
kPDEi_x_IPI,5.8,0.13593563908785256,1.9251122929269155,0.03649217483493837,0.08028928252785078,False
kPDEi_x_IPI,6.266666666666667,0.13593563908785256,1.8626944568437083,0.03649217483493837,0.08028928252785078,False
kPDEi_x_IPI,6.733333333333333,0.13593563908785256,1.8055112586309272,0.03649217483493837,0.08028928252785078,False
kPDEi_x_IPI,7.2,0.13593563908785256,1.7531856348150585,0.03649217483493837,0.08028928252785078,False
kPDEi_x_IPI,7.666666666666667,0.13593563908785256,1.7053287427640291,0.03649217483493837,0.08028928252785078,False
kPDEi_x_IPI,8.133333333333333,0.13593563908785256,1.6614350722775246,0.03649217483493837,0.08028928252785078,False
kPDEi_x_IPI,8.6,0.13593563908785256,1.6211872770829172,0.03649217483493837,0.08028928252785078,False
kPDEi_x_IPI,9.066666666666666,0.13593563908785256,1.5842638913791243,0.03649217483493837,0.08028928252785078,False
kPDEi_x_IPI,9.533333333333333,0.13593563908785256,1.5503067380056688,0.03649217483493837,0.08028928252785078,False
kPDEi_x_IPI,10.0,0.13593563908785256,1.5190271401440905,0.03649217483493837,0.08028928252785078,False
kPDEi_x_IPI,3.0,0.18478497974222907,2.320943564169856,0.03541686893018959,0.07857926714359544,False
kPDEi_x_IPI,3.466666666666667,0.18478497974222907,2.2172212735384096,0.03541686893018959,0.07857926714359544,False
kPDEi_x_IPI,3.9333333333333336,0.18478497974222907,2.12039384009116,0.03541686893018959,0.07857926714359544,False
kPDEi_x_IPI,4.4,0.18478497974222907,2.0311901657789027,0.03541686893018959,0.07857926714359544,False
kPDEi_x_IPI,4.866666666666667,0.18478497974222907,1.949758449065734,0.03541686893018959,0.07857926714359544,False
kPDEi_x_IPI,5.333333333333334,0.18478497974222907,1.875818623645557,0.03541686893018959,0.07857926714359544,False
kPDEi_x_IPI,5.8,0.18478497974222907,1.808941335846447,0.03541686893018959,0.07857926714359544,False
kPDEi_x_IPI,6.266666666666667,0.18478497974222907,1.7485932545849114,0.03541686893018959,0.07857926714359544,False
kPDEi_x_IPI,6.733333333333333,0.18478497974222907,1.6941838056643093,0.03541686893018959,0.07857926714359544,False
kPDEi_x_IPI,7.2,0.18478497974222907,1.6451479478997102,0.03541686893018959,0.07857926714359544,False
kPDEi_x_IPI,7.666666666666667,0.18478497974222907,1.6009400101134317,0.03541686893018959,0.07857926714359544,False
kPDEi_x_IPI,8.133333333333333,0.18478497974222907,1.561036048997008,0.03541686893018959,0.07857926714359544,False
kPDEi_x_IPI,8.6,0.18478497974222907,1.5249568292278914,0.03541686893018959,0.07857926714359544,False
kPDEi_x_IPI,9.066666666666666,0.18478497974222907,1.4922818822677524,0.03541686893018959,0.07857926714359544,False
kPDEi_x_IPI,9.533333333333333,0.18478497974222907,1.4626623002303338,0.03541686893018959,0.07857926714359544,False
kPDEi_x_IPI,10.0,0.18478497974222907,1.4356979040482725,0.03541686893018959,0.07857926714359544,False
kPDEi_x_IPI,3.0,0.251188643150958,2.1910782700180333,0.03409056368065379,0.07633448226934915,False
kPDEi_x_IPI,3.466666666666667,0.251188643150958,2.080341664167337,0.03409056368065379,0.07633448226934915,False
kPDEi_x_IPI,3.9333333333333336,0.251188643150958,1.9788882388852274,0.03409056368065379,0.07633448226934915,False
kPDEi_x_IPI,4.4,0.251188643150958,1.8872662267538223,0.03409056368065379,0.07633448226934915,False
kPDEi_x_IPI,4.866666666666667,0.251188643150958,1.8052932692086248,0.03409056368065379,0.07633448226934915,False
kPDEi_x_IPI,5.333333333333334,0.251188643150958,1.7324190846821519,0.03409056368065379,0.07633448226934915,False
kPDEi_x_IPI,5.8,0.251188643150958,1.6679489829143022,0.03409056368065379,0.07633448226934915,False
kPDEi_x_IPI,6.266666666666667,0.251188643150958,1.6110049023296849,0.03409056368065379,0.07633448226934915,False
kPDEi_x_IPI,6.733333333333333,0.251188643150958,1.5607748250839788,0.03409056368065379,0.07633448226934915,False
kPDEi_x_IPI,7.2,0.251188643150958,1.5165099133826492,0.03409056368065379,0.07633448226934915,False
kPDEi_x_IPI,7.666666666666667,0.251188643150958,1.4774644184736578,0.03409056368065379,0.07633448226934915,False
kPDEi_x_IPI,8.133333333333333,0.251188643150958,1.4430036362881202,0.03409056368065379,0.07633448226934915,False
kPDEi_x_IPI,8.6,0.251188643150958,1.4125239198693766,0.03409056368065379,0.07633448226934915,False
kPDEi_x_IPI,9.066666666666666,0.251188643150958,1.3854820147438067,0.03409056368065379,0.07633448226934915,False
kPDEi_x_IPI,9.533333333333333,0.251188643150958,1.3614862924588014,0.03409056368065379,0.07633448226934915,False
kPDEi_x_IPI,10.0,0.251188643150958,1.3400687391402903,0.03409056368065379,0.07633448226934915,False
kPDEi_x_IPI,3.0,0.34145488738336016,2.03209173723909,0.032486575677879964,0.07341777005387702,False
kPDEi_x_IPI,3.466666666666667,0.34145488738336016,1.9133742182568203,0.032486575677879964,0.07341777005387702,False
kPDEi_x_IPI,3.9333333333333336,0.34145488738336016,1.8072548647357183,0.032486575677879964,0.07341777005387702,False
kPDEi_x_IPI,4.4,0.34145488738336016,1.71385111302602,0.032486575677879964,0.07341777005387702,False
kPDEi_x_IPI,4.866666666666667,0.34145488738336016,1.6326294618230126,0.032486575677879964,0.07341777005387702,False
kPDEi_x_IPI,5.333333333333334,0.34145488738336016,1.5624098098800594,0.032486575677879964,0.07341777005387702,False
kPDEi_x_IPI,5.8,0.34145488738336016,1.502147593943739,0.032486575677879964,0.07341777005387702,False
kPDEi_x_IPI,6.266666666666667,0.34145488738336016,1.4505259212717148,0.032486575677879964,0.07341777005387702,False
kPDEi_x_IPI,6.733333333333333,0.34145488738336016,1.4064436175256851,0.032486575677879964,0.07341777005387702,False
kPDEi_x_IPI,7.2,0.34145488738336016,1.3688520573238954,0.032486575677879964,0.07341777005387702,False
kPDEi_x_IPI,7.666666666666667,0.34145488738336016,1.336879096743884,0.032486575677879964,0.07341777005387702,False
kPDEi_x_IPI,8.133333333333333,0.34145488738336016,1.30962301559275,0.032486575677879964,0.07341777005387702,False
kPDEi_x_IPI,8.6,0.34145488738336016,1.286362021465529,0.032486575677879964,0.07341777005387702,False
kPDEi_x_IPI,9.066666666666666,0.34145488738336016,1.266519489425418,0.032486575677879964,0.07341777005387702,False
kPDEi_x_IPI,9.533333333333333,0.34145488738336016,1.249526204993899,0.032486575677879964,0.07341777005387702,False
kPDEi_x_IPI,10.0,0.34145488738336016,1.2348798932268417,0.032486575677879964,0.07341777005387702,False
kPDEi_x_IPI,3.0,0.46415888336127786,1.8416065929522505,0.030595094093468035,0.06969124384234601,False
kPDEi_x_IPI,3.466666666666667,0.46415888336127786,1.7146105951912276,0.030595094093468035,0.06969124384234601,False
kPDEi_x_IPI,3.9333333333333336,0.46415888336127786,1.6047816148976686,0.030595094093468035,0.06969124384234601,False
kPDEi_x_IPI,4.4,0.46415888336127786,1.5113860746519152,0.030595094093468035,0.06969124384234601,False
kPDEi_x_IPI,4.866666666666667,0.46415888336127786,1.4330255193060044,0.030595094093468035,0.06969124384234601,False
kPDEi_x_IPI,5.333333333333334,0.46415888336127786,1.3680228423430782,0.030595094093468035,0.06969124384234601,False
kPDEi_x_IPI,5.8,0.46415888336127786,1.3144737950908842,0.030595094093468035,0.06969124384234601,False
kPDEi_x_IPI,6.266666666666667,0.46415888336127786,1.2706780210238917,0.030595094093468035,0.06969124384234601,False
kPDEi_x_IPI,6.733333333333333,0.46415888336127786,1.2351733077000295,0.030595094093468035,0.06969124384234601,False
kPDEi_x_IPI,7.2,0.46415888336127786,1.206513757386594,0.030595094093468035,0.06969124384234601,False
kPDEi_x_IPI,7.666666666666667,0.46415888336127786,1.1835656189912758,0.030595094093468035,0.06969124384234601,False
kPDEi_x_IPI,8.133333333333333,0.46415888336127786,1.1653204616534616,0.030595094093468035,0.06969124384234601,False
kPDEi_x_IPI,8.6,0.46415888336127786,1.1509318973936744,0.030595094093468035,0.06969124384234601,False
kPDEi_x_IPI,9.066666666666666,0.46415888336127786,1.139679640485473,0.030595094093468035,0.06969124384234601,False
kPDEi_x_IPI,9.533333333333333,0.46415888336127786,1.130921534681387,0.030595094093468035,0.06969124384234601,False
kPDEi_x_IPI,10.0,0.46415888336127786,1.1241290422538581,0.030595094093468035,0.06969124384234601,False
kPDEi_x_IPI,3.0,0.6309573444801934,1.619161201349745,0.028425493423231918,0.06502987273952224,False
kPDEi_x_IPI,3.466666666666667,0.6309573444801934,1.4853037270408835,0.028425493423231918,0.06502987273952224,False
kPDEi_x_IPI,3.9333333333333336,0.6309573444801934,1.3741147588373137,0.028425493423231918,0.06502987273952224,False
kPDEi_x_IPI,4.4,0.6309573444801934,1.28381560680234,0.028425493423231918,0.06502987273952224,False
kPDEi_x_IPI,4.866666666666667,0.6309573444801934,1.2117515700997668,0.028425493423231918,0.06502987273952224,False
kPDEi_x_IPI,5.333333333333334,0.6309573444801934,1.1551804865256596,0.028425493423231918,0.06502987273952224,False
kPDEi_x_IPI,5.8,0.6309573444801934,1.1114693803569817,0.028425493423231918,0.06502987273952224,False
kPDEi_x_IPI,6.266666666666667,0.6309573444801934,1.0782921600879591,0.028425493423231918,0.06502987273952224,False
kPDEi_x_IPI,6.733333333333333,0.6309573444801934,1.0536494798616005,0.028425493423231918,0.06502987273952224,False
kPDEi_x_IPI,7.2,0.6309573444801934,1.0360156612035891,0.028425493423231918,0.06502987273952224,False
kPDEi_x_IPI,7.666666666666667,0.6309573444801934,1.0238817762808696,0.028425493423231918,0.06502987273952224,False
kPDEi_x_IPI,8.133333333333333,0.6309573444801934,1.0161304768212571,0.028425493423231918,0.06502987273952224,False
kPDEi_x_IPI,8.6,0.6309573444801934,1.0118158868707643,0.028425493423231918,0.06502987273952224,False
kPDEi_x_IPI,9.066666666666666,0.6309573444801934,1.010148682240655,0.028425493423231918,0.06502987273952224,False
kPDEi_x_IPI,9.533333333333333,0.6309573444801934,1.0104728489336532,0.028425493423231918,0.06502987273952224,False
kPDEi_x_IPI,10.0,0.6309573444801934,1.0122049797872568,0.028425493423231918,0.06502987273952224,False
kPDEi_x_IPI,3.0,0.8576958985908941,1.3681763557310154,0.026003244665881216,0.05936342945743674,False
kPDEi_x_IPI,3.466666666666667,0.8576958985908941,1.230923534208473,0.026003244665881216,0.05936342945743674,False
kPDEi_x_IPI,3.9333333333333336,0.8576958985908941,1.1229164563433018,0.026003244665881216,0.05936342945743674,False
kPDEi_x_IPI,4.4,0.8576958985908941,1.0403230688607628,0.026003244665881216,0.05936342945743674,False
kPDEi_x_IPI,4.866666666666667,0.8576958985908941,0.978729783050565,0.026003244665881216,0.05936342945743674,False
kPDEi_x_IPI,5.333333333333334,0.8576958985908941,0.9341949590211239,0.026003244665881216,0.05936342945743674,False
kPDEi_x_IPI,5.8,0.8576958985908941,0.9031647364759207,0.026003244665881216,0.05936342945743674,False
kPDEi_x_IPI,6.266666666666667,0.8576958985908941,0.8828285488252566,0.026003244665881216,0.05936342945743674,False
kPDEi_x_IPI,6.733333333333333,0.8576958985908941,0.8708693017764375,0.026003244665881216,0.05936342945743674,False
kPDEi_x_IPI,7.2,0.8576958985908941,0.8654938627166953,0.026003244665881216,0.05936342945743674,False
kPDEi_x_IPI,7.666666666666667,0.8576958985908941,0.8651076613062428,0.026003244665881216,0.05936342945743674,False
kPDEi_x_IPI,8.133333333333333,0.8576958985908941,0.8685131410506308,0.026003244665881216,0.05936342945743674,False
kPDEi_x_IPI,8.6,0.8576958985908941,0.8747392862259845,0.026003244665881216,0.05936342945743674,False
kPDEi_x_IPI,9.066666666666666,0.8576958985908941,0.8829774026468956,0.026003244665881216,0.05936342945743674,False
kPDEi_x_IPI,9.533333333333333,0.8576958985908941,0.8925453642354109,0.026003244665881216,0.05936342945743674,False
kPDEi_x_IPI,10.0,0.8576958985908941,0.9028716615787367,0.026003244665881216,0.05936342945743674,False
kPDEi_x_IPI,3.0,1.1659144011798317,1.0968890317788276,0.023376580267398472,0.052726251254154644,False
kPDEi_x_IPI,3.466666666666667,1.1659144011798317,0.9627676290680066,0.023376580267398472,0.052726251254154644,False
kPDEi_x_IPI,3.9333333333333336,1.1659144011798317,0.8643642403163888,0.023376580267398472,0.052726251254154644,False
kPDEi_x_IPI,4.4,1.1659144011798317,0.7947777727621473,0.023376580267398472,0.052726251254154644,False
kPDEi_x_IPI,4.866666666666667,1.1659144011798317,0.7476834128213947,0.023376580267398472,0.052726251254154644,False
kPDEi_x_IPI,5.333333333333334,1.1659144011798317,0.7178871945541907,0.023376580267398472,0.052726251254154644,False
kPDEi_x_IPI,5.8,1.1659144011798317,0.7012422102614292,0.023376580267398472,0.052726251254154644,False
kPDEi_x_IPI,6.266666666666667,1.1659144011798317,0.694634665223392,0.023376580267398472,0.052726251254154644,False
kPDEi_x_IPI,6.733333333333333,1.1659144011798317,0.6956362881568638,0.023376580267398472,0.052726251254154644,False
kPDEi_x_IPI,7.2,1.1659144011798317,0.7024535504376832,0.023376580267398472,0.052726251254154644,False
kPDEi_x_IPI,7.666666666666667,1.1659144011798317,0.7134845099366146,0.023376580267398472,0.052726251254154644,False
kPDEi_x_IPI,8.133333333333333,1.1659144011798317,0.7276197066921821,0.023376580267398472,0.052726251254154644,False
kPDEi_x_IPI,8.6,1.1659144011798317,0.7438896013796271,0.023376580267398472,0.052726251254154644,False
kPDEi_x_IPI,9.066666666666666,1.1659144011798317,0.7615090528458938,0.023376580267398472,0.052726251254154644,False
kPDEi_x_IPI,9.533333333333333,1.1659144011798317,0.7798252949993397,0.023376580267398472,0.052726251254154644,False
kPDEi_x_IPI,10.0,1.1659144011798317,0.7983533418027264,0.023376580267398472,0.052726251254154644,False
kPDEi_x_IPI,3.0,1.5848931924611134,0.8855387309032544,0.02061331510133317,0.04530809458782428,False
kPDEi_x_IPI,3.466666666666667,1.5848931924611134,0.6988752953936793,0.02061331510133317,0.04530809458782428,False
kPDEi_x_IPI,3.9333333333333336,1.5848931924611134,0.616311836337821,0.02061331510133317,0.04530809458782428,False
kPDEi_x_IPI,4.4,1.5848931924611134,0.5642555844417202,0.02061331510133317,0.04530809458782428,False
kPDEi_x_IPI,4.866666666666667,1.5848931924611134,0.5338661079926755,0.02061331510133317,0.04530809458782428,False
kPDEi_x_IPI,5.333333333333334,1.5848931924611134,0.5193606474616398,0.02061331510133317,0.04530809458782428,False
kPDEi_x_IPI,5.8,1.5848931924611134,0.5165340704522812,0.02061331510133317,0.04530809458782428,False
kPDEi_x_IPI,6.266666666666667,1.5848931924611134,0.5224891164073162,0.02061331510133317,0.04530809458782428,False
kPDEi_x_IPI,6.733333333333333,1.5848931924611134,0.535007240262253,0.02061331510133317,0.04530809458782428,False
kPDEi_x_IPI,7.2,1.5848931924611134,0.5523259079817326,0.02061331510133317,0.04530809458782428,False
kPDEi_x_IPI,7.666666666666667,1.5848931924611134,0.57319475581369,0.02061331510133317,0.04530809458782428,False
kPDEi_x_IPI,8.133333333333333,1.5848931924611134,0.5965697964083017,0.02061331510133317,0.04530809458782428,False
kPDEi_x_IPI,8.6,1.5848931924611134,0.6215663185135865,0.02061331510133317,0.04530809458782428,False
kPDEi_x_IPI,9.066666666666666,1.5848931924611134,0.647388282461314,0.02061331510133317,0.04530809458782428,False
kPDEi_x_IPI,9.533333333333333,1.5848931924611134,0.6734390055677038,0.02061331510133317,0.04530809458782428,False
kPDEi_x_IPI,10.0,1.5848931924611134,0.6993273273614412,0.02061331510133317,0.04530809458782428,False
kPDEi_x_IPI,3.0,2.1544346900318834,0.7975244606359846,0.017790295509652665,0.037482512624392186,False
kPDEi_x_IPI,3.466666666666667,2.1544346900318834,0.5739782371445166,0.017790295509652665,0.037482512624392186,False
kPDEi_x_IPI,3.9333333333333336,2.1544346900318834,0.39843055314582393,0.017790295509652665,0.037482512624392186,False
kPDEi_x_IPI,4.4,2.1544346900318834,0.36529919240538716,0.017790295509652665,0.037482512624392186,False
kPDEi_x_IPI,4.866666666666667,2.1544346900318834,0.35075713765051175,0.017790295509652665,0.037482512624392186,False
kPDEi_x_IPI,5.333333333333334,2.1544346900318834,0.3493263727691999,0.017790295509652665,0.037482512624392186,False
kPDEi_x_IPI,5.8,2.1544346900318834,0.3574315011400156,0.017790295509652665,0.037482512624392186,False
kPDEi_x_IPI,6.266666666666667,2.1544346900318834,0.3727582175576733,0.017790295509652665,0.037482512624392186,False
kPDEi_x_IPI,6.733333333333333,2.1544346900318834,0.39354836232364754,0.017790295509652665,0.037482512624392186,False
kPDEi_x_IPI,7.2,2.1544346900318834,0.41857938995813926,0.017790295509652665,0.037482512624392186,False
kPDEi_x_IPI,7.666666666666667,2.1544346900318834,0.4467077777342656,0.017790295509652665,0.037482512624392186,False
kPDEi_x_IPI,8.133333333333333,2.1544346900318834,0.477044917159666,0.017790295509652665,0.037482512624392186,False
kPDEi_x_IPI,8.6,2.1544346900318834,0.5087995191037293,0.017790295509652665,0.037482512624392186,False
kPDEi_x_IPI,9.066666666666666,2.1544346900318834,0.5411763506832599,0.017790295509652665,0.037482512624392186,False
kPDEi_x_IPI,9.533333333333333,2.1544346900318834,0.5737510089897502,0.017790295509652665,0.037482512624392186,False
kPDEi_x_IPI,10.0,2.1544346900318834,0.6058634464905583,0.017790295509652665,0.037482512624392186,False
kPDEi_x_IPI,3.0,2.9286445646252357,0.6807824900868757,0.014992674761866644,0.029759094665898135,False
kPDEi_x_IPI,3.466666666666667,2.9286445646252357,0.4364923070551856,0.014992674761866644,0.029759094665898135,False
kPDEi_x_IPI,3.9333333333333336,2.9286445646252357,0.2609009817048817,0.014992674761866644,0.029759094665898135,False
kPDEi_x_IPI,4.4,2.9286445646252357,0.21002577944430897,0.014992674761866644,0.029759094665898135,False
kPDEi_x_IPI,4.866666666666667,2.9286445646252357,0.20729128113638245,0.014992674761866644,0.029759094665898135,False
kPDEi_x_IPI,5.333333333333334,2.9286445646252357,0.21427500720384315,0.014992674761866644,0.029759094665898135,False
kPDEi_x_IPI,5.8,2.9286445646252357,0.22864294792249934,0.014992674761866644,0.029759094665898135,False
kPDEi_x_IPI,6.266666666666667,2.9286445646252357,0.24889108188869455,0.014992674761866644,0.029759094665898135,False
kPDEi_x_IPI,6.733333333333333,2.9286445646252357,0.2739892866752042,0.014992674761866644,0.029759094665898135,False
kPDEi_x_IPI,7.2,2.9286445646252357,0.30300358500238134,0.014992674761866644,0.029759094665898135,False
kPDEi_x_IPI,7.666666666666667,2.9286445646252357,0.33512194967712083,0.014992674761866644,0.029759094665898135,False
kPDEi_x_IPI,8.133333333333333,2.9286445646252357,0.3696522315450314,0.014992674761866644,0.029759094665898135,False
kPDEi_x_IPI,8.6,2.9286445646252357,0.40576760288126656,0.014992674761866644,0.029759094665898135,False
kPDEi_x_IPI,9.066666666666666,2.9286445646252357,0.44287169727801284,0.014992674761866644,0.029759094665898135,False
kPDEi_x_IPI,9.533333333333333,2.9286445646252357,0.4802312158313509,0.014992674761866644,0.029759094665898135,False
kPDEi_x_IPI,10.0,2.9286445646252357,0.5173129635737652,0.014992674761866644,0.029759094665898135,False
kPDEi_x_IPI,3.0,3.981071705534973,0.5437801512754926,0.012306481992670877,0.022663995229935355,False
kPDEi_x_IPI,3.466666666666667,3.981071705534973,0.30339604163978656,0.012306481992670877,0.022663995229935355,False
kPDEi_x_IPI,3.9333333333333336,3.981071705534973,0.1578777602663373,0.012306481992670877,0.022663995229935355,False
kPDEi_x_IPI,4.4,3.981071705534973,0.10282834806416728,0.012306481992670877,0.022663995229935355,False
kPDEi_x_IPI,4.866666666666667,3.981071705534973,0.10624488771079986,0.012306481992670877,0.022663995229935355,False
kPDEi_x_IPI,5.333333333333334,3.981071705534973,0.11623712884616956,0.012306481992670877,0.022663995229935355,False
kPDEi_x_IPI,5.8,3.981071705534973,0.13176281318243568,0.012306481992670877,0.022663995229935355,False
kPDEi_x_IPI,6.266666666666667,3.981071705534973,0.15220008198622087,0.012306481992670877,0.022663995229935355,False
kPDEi_x_IPI,6.733333333333333,3.981071705534973,0.177175442040677,0.012306481992670877,0.022663995229935355,False
kPDEi_x_IPI,7.2,3.981071705534973,0.20623250942517846,0.012306481992670877,0.022663995229935355,False
kPDEi_x_IPI,7.666666666666667,3.981071705534973,0.2387817693258657,0.012306481992670877,0.022663995229935355,False
kPDEi_x_IPI,8.133333333333333,3.981071705534973,0.2743364917536779,0.012306481992670877,0.022663995229935355,False
kPDEi_x_IPI,8.6,3.981071705534973,0.3121249848135719,0.012306481992670877,0.022663995229935355,False
kPDEi_x_IPI,9.066666666666666,3.981071705534973,0.35148190218277986,0.012306481992670877,0.022663995229935355,False
kPDEi_x_IPI,9.533333333333333,3.981071705534973,0.3917962211201157,0.012306481992670877,0.022663995229935355,False
kPDEi_x_IPI,10.0,3.981071705534973,0.4323523392751383,0.012306481992670877,0.022663995229935355,False
kPDEi_x_IPI,3.0,5.411695265464638,0.40261135312662116,0.009813428899810262,0.016587423792322264,False
kPDEi_x_IPI,3.466666666666667,5.411695265464638,0.1915965919674114,0.009813428899810262,0.016587423792322264,False
kPDEi_x_IPI,3.9333333333333336,5.411695265464638,0.0854740013708189,0.009813428899810262,0.016587423792322264,False
kPDEi_x_IPI,4.4,5.411695265464638,0.04000436313445326,0.009813428899810262,0.016587423792322264,False
kPDEi_x_IPI,4.866666666666667,5.411695265464638,0.044422978283939436,0.009813428899810262,0.016587423792322264,False
kPDEi_x_IPI,5.333333333333334,5.411695265464638,0.05290292592252606,0.009813428899810262,0.016587423792322264,False
kPDEi_x_IPI,5.8,5.411695265464638,0.06541089170350257,0.009813428899810262,0.016587423792322264,False
kPDEi_x_IPI,6.266666666666667,5.411695265464638,0.08208506393039529,0.009813428899810262,0.016587423792322264,False
kPDEi_x_IPI,6.733333333333333,5.411695265464638,0.10309469550352642,0.009813428899810262,0.016587423792322264,False
kPDEi_x_IPI,7.2,5.411695265464638,0.12837650794606623,0.009813428899810262,0.016587423792322264,False
kPDEi_x_IPI,7.666666666666667,5.411695265464638,0.15783238652012424,0.009813428899810262,0.016587423792322264,False
kPDEi_x_IPI,8.133333333333333,5.411695265464638,0.191035002521597,0.009813428899810262,0.016587423792322264,False
kPDEi_x_IPI,8.6,5.411695265464638,0.22746500812052362,0.009813428899810262,0.016587423792322264,False
kPDEi_x_IPI,9.066666666666666,5.411695265464638,0.26648113948468544,0.009813428899810262,0.016587423792322264,False
kPDEi_x_IPI,9.533333333333333,5.411695265464638,0.3073750044217809,0.009813428899810262,0.016587423792322264,False
kPDEi_x_IPI,10.0,5.411695265464638,0.34938960045858425,0.009813428899810262,0.016587423792322264,False
kPDEi_x_IPI,3.0,7.3564225445964135,0.27576179463949746,0.0075756618576680625,0.011696093266633976,False
kPDEi_x_IPI,3.466666666666667,7.3564225445964135,0.1103924639235335,0.0075756618576680625,0.011696093266633976,False
kPDEi_x_IPI,3.9333333333333336,7.3564225445964135,0.04182431334742893,0.0075756618576680625,0.011696093266633976,False
kPDEi_x_IPI,4.4,7.3564225445964135,0.013914552709112332,0.0075756618576680625,0.011696093266633976,False
kPDEi_x_IPI,4.866666666666667,7.3564225445964135,0.013546823737883799,0.0075756618576680625,0.011696093266633976,False
kPDEi_x_IPI,5.333333333333334,7.3564225445964135,0.018375743847642748,0.0075756618576680625,0.011696093266633976,False
kPDEi_x_IPI,5.8,7.3564225445964135,0.025855196017851044,0.0075756618576680625,0.011696093266633976,False
kPDEi_x_IPI,6.266666666666667,7.3564225445964135,0.03658019594703186,0.0075756618576680625,0.011696093266633976,False
kPDEi_x_IPI,6.733333333333333,7.3564225445964135,0.05111296346240643,0.0075756618576680625,0.011696093266633976,False
kPDEi_x_IPI,7.2,7.3564225445964135,0.06990656926492839,0.0075756618576680625,0.011696093266633976,False
kPDEi_x_IPI,7.666666666666667,7.3564225445964135,0.09317939849734026,0.0075756618576680625,0.011696093266633976,False
kPDEi_x_IPI,8.133333333333333,7.3564225445964135,0.12093228732288928,0.0075756618576680625,0.011696093266633976,False
kPDEi_x_IPI,8.6,7.3564225445964135,0.1528938067824732,0.0075756618576680625,0.011696093266633976,False
kPDEi_x_IPI,9.066666666666666,7.3564225445964135,0.18857808835444873,0.0075756618576680625,0.011696093266633976,False
kPDEi_x_IPI,9.533333333333333,7.3564225445964135,0.22733824279114048,0.0075756618576680625,0.011696093266633976,False
kPDEi_x_IPI,10.0,7.3564225445964135,0.2684047518202538,0.0075756618576680625,0.011696093266633976,False
kPDEi_x_IPI,3.0,10.0,0.1757345360724947,0.0056409555886457186,0.007957269255534447,False
kPDEi_x_IPI,3.466666666666667,10.0,0.0586857775610906,0.0056409555886457186,0.007957269255534447,False
kPDEi_x_IPI,3.9333333333333336,10.0,0.018759684041510686,0.0056409555886457186,0.007957269255534447,False
kPDEi_x_IPI,4.4,10.0,0.005230802762153234,0.0056409555886457186,0.007957269255534447,False
kPDEi_x_IPI,4.866666666666667,10.0,0.0024078723705569243,0.0056409555886457186,0.007957269255534447,False
kPDEi_x_IPI,5.333333333333334,10.0,0.004054460515950062,0.0056409555886457186,0.007957269255534447,False
kPDEi_x_IPI,5.8,10.0,0.00703048049327407,0.0056409555886457186,0.007957269255534447,False
kPDEi_x_IPI,6.266666666666667,10.0,0.01200047641171814,0.0056409555886457186,0.007957269255534447,False
kPDEi_x_IPI,6.733333333333333,10.0,0.019720064887217927,0.0056409555886457186,0.007957269255534447,False
kPDEi_x_IPI,7.2,10.0,0.03094909660453683,0.0056409555886457186,0.007957269255534447,False
kPDEi_x_IPI,7.666666666666667,10.0,0.046349650605612504,0.0056409555886457186,0.007957269255534447,False
kPDEi_x_IPI,8.133333333333333,10.0,0.06632033947096198,0.0056409555886457186,0.007957269255534447,False
kPDEi_x_IPI,8.6,10.0,0.0911024344918311,0.0056409555886457186,0.007957269255534447,False
kPDEi_x_IPI,9.066666666666666,10.0,0.1204889383638682,0.0056409555886457186,0.007957269255534447,False
kPDEi_x_IPI,9.533333333333333,10.0,0.15411022012665876,0.0056409555886457186,0.007957269255534447,False
kPDEi_x_IPI,10.0,10.0,0.19142299571855792,0.0056409555886457186,0.007957269255534447,False
koff_x_RT_KA_varies,0.1,0.1,1.0617583913527664,4.02503999787375e-06,1.0157244074606085e-05,True
koff_x_RT_KA_fixed,0.1,0.1,8.747545196946067,0.0002721051154299982,0.0002515203276622988,False
koff_x_RT_KA_varies,0.14234208838643417,0.1,1.050813973392262,5.696840700979625e-06,1.4435403827815754e-05,True
koff_x_RT_KA_fixed,0.14234208838643417,0.1,8.41373657959883,0.00038643721715519183,0.00035755874753474066,False
koff_x_RT_KA_varies,0.20261270126211434,0.1,1.0390236663074366,8.04490689625385e-06,2.0502545682495722e-05,True
koff_x_RT_KA_fixed,0.20261270126211434,0.1,7.973965612717089,0.0005482845642457849,0.0005080273771053533,False
koff_x_RT_KA_varies,0.28840315031266056,0.1,1.0270577248465864,1.1326112687574739e-05,2.909439776831564e-05,True
koff_x_RT_KA_fixed,0.28840315031266056,0.1,7.411404006948561,0.0007768669958615859,0.0007212652315524876,False
koff_x_RT_KA_varies,0.41051906712730785,0.1,1.015895251377348,1.5880686248975127e-05,4.1238080302641585e-05,True
koff_x_RT_KA_fixed,0.41051906712730785,0.1,6.719415670454198,0.0010986558291825692,0.0010229037853550808,False
koff_x_RT_KA_varies,0.5843414133735175,0.1,1.006744718781712,2.214864937443478e-05,5.83583274763908e-05,True
koff_x_RT_KA_fixed,0.5843414133735175,0.1,5.909810357252588,0.001549599321152107,0.0014484940670236217,False
koff_x_RT_KA_varies,0.8317637711026709,0.1,1.0010816412731731,3.068329638928033e-05,8.241612622434129e-05,True
koff_x_RT_KA_fixed,0.8317637711026709,0.1,5.01919800862624,0.0021775366194126842,0.0020468166383993147,False
koff_x_RT_KA_varies,1.1839499222293017,0.1,0.9991906194829334,4.21789456866789e-05,0.00011608688133208858,True
koff_x_RT_KA_fixed,1.1839499222293017,0.1,4.114183249895242,0.0030442945356577247,0.0028837968472462477,False
koff_x_RT_KA_varies,1.685259044750751,0.1,0.9924870866042826,5.774606872563155e-05,0.0001629874905152289,True
koff_x_RT_KA_fixed,1.685259044750751,0.1,3.3185491049054976,0.004226432253227693,0.004046656927171066,False
koff_x_RT_KA_varies,2.39883291901949,0.1,0.9783503408567924,7.884381267244711e-05,0.00022796740302612417,True
koff_x_RT_KA_fixed,2.39883291901949,0.1,2.6625019283024685,0.005812888838094725,0.005647426309270872,False
koff_x_RT_KA_varies,3.414548873833601,0.1,0.956948783166515,0.00010738166960704652,0.0003174903191855959,True
koff_x_RT_KA_fixed,3.414548873833601,0.1,2.141293566066842,0.007897179559835118,0.007824198802620882,False
koff_x_RT_KA_varies,4.860340175990216,0.1,0.9295417469080844,0.00014592196263608624,0.0004401513906820547,True
koff_x_RT_KA_fixed,4.860340175990216,0.1,1.7417464158097236,0.010562008830582418,0.010737762783695988,False
koff_x_RT_KA_varies,6.918309709189362,0.1,0.8982317274056176,0.00019790410865865574,0.0006073952663077026,False
koff_x_RT_KA_fixed,6.918309709189362,0.1,1.4468276821736263,0.013856286764557166,0.014560967883294683,False
koff_x_RT_KA_varies,9.847666521101578,0.1,0.8654173999738508,0.00026793728621382856,0.000834516797496164,False
koff_x_RT_KA_fixed,9.847666521101578,0.1,1.24378567290458,0.017768986047773674,0.01945921378174729,False
koff_x_RT_KA_varies,14.017374183467695,0.1,0.8331117528144438,0.000362216099784934,0.0011420363301527625,False
koff_x_RT_KA_fixed,14.017374183467695,0.1,1.1396590835889724,0.02220903191564282,0.025562970304064913,False
koff_x_RT_KA_varies,19.952623149688797,0.1,0.8026217438474342,0.0004890649170411806,0.001557557476698986,False
koff_x_RT_KA_fixed,19.952623149688797,0.1,1.0752949047072684,0.02700280323212859,0.032938215676437496,False
koff_x_RT_KA_varies,0.1,0.15848931924611134,1.005631224160205,2.945868761717141e-06,8.249129906061155e-06,True
koff_x_RT_KA_fixed,0.1,0.15848931924611134,6.4677083514488825,0.0005705136634412655,0.0005502033796545231,False
koff_x_RT_KA_varies,0.14234208838643417,0.15848931924611134,1.0024552536046831,4.158500947650114e-06,1.1717385880033791e-05,True
koff_x_RT_KA_fixed,0.14234208838643417,0.15848931924611134,6.0228325334091855,0.0008080442248712958,0.0007809828090665746,False
koff_x_RT_KA_varies,0.20261270126211434,0.15848931924611134,1.0003961348163812,5.8515491821675276e-06,1.6630021474762695e-05,True
koff_x_RT_KA_fixed,0.20261270126211434,0.15848931924611134,5.4687816509303735,0.001142108695758474,0.001107272315397432,False
koff_x_RT_KA_varies,0.28840315031266056,0.15848931924611134,0.9995512934616733,8.20051941734953e-06,2.3575697865608146e-05,True
koff_x_RT_KA_fixed,0.28840315031266056,0.15848931924611134,4.810870913290272,0.0016096180025414152,0.0015673192391388912,False
koff_x_RT_KA_varies,0.41051906712730785,0.15848931924611134,0.9962127700458386,1.1457727172484427e-05,3.337183770925723e-05,True
koff_x_RT_KA_fixed,0.41051906712730785,0.15848931924611134,4.076698149305462,0.002259371597672623,0.002213442346594102,False
koff_x_RT_KA_varies,0.5843414133735175,0.15848931924611134,0.9884819061075294,1.5964123137425076e-05,4.7145001999813906e-05,True
koff_x_RT_KA_fixed,0.5843414133735175,0.15848931924611134,3.3669696055564295,0.003153813896753579,0.003116034873199461,False
koff_x_RT_KA_varies,0.8317637711026709,0.15848931924611134,0.9749606422719659,2.2179765387398594e-05,6.643442235418687e-05,True
koff_x_RT_KA_fixed,0.8317637711026709,0.15848931924611134,2.7396341637118935,0.0043690748046086945,0.004367630151616391,False
koff_x_RT_KA_varies,1.1839499222293017,0.15848931924611134,0.9545193713783862,3.07274484791968e-05,9.332399145093939e-05,True
koff_x_RT_KA_fixed,1.1839499222293017,0.15848931924611134,2.209987412779457,0.0059913476500142475,0.0060859572189896315,False
koff_x_RT_KA_varies,1.685259044750751,0.15848931924611134,0.9266136168699964,4.2450628248271035e-05,0.00013061085491852586,True
koff_x_RT_KA_fixed,1.685259044750751,0.15848931924611134,1.7830915153358824,0.008107102765216858,0.00841409856036299,False
koff_x_RT_KA_varies,2.39883291901949,0.15848931924611134,0.8916572861407343,5.848977799583293e-05,0.0001820249277086085,True
koff_x_RT_KA_fixed,2.39883291901949,0.15848931924611134,1.4554119818562687,0.010785151189738532,0.011515086814782735,False
koff_x_RT_KA_varies,3.414548873833601,0.15848931924611134,0.8510952736499444,8.039076099288802e-05,0.0002525237124103128,True
koff_x_RT_KA_fixed,3.414548873833601,0.15848931924611134,1.2230609856188532,0.014051351483627801,0.015558204474855055,False
koff_x_RT_KA_varies,4.860340175990216,0.15848931924611134,0.8073288719840538,0.00011023311839933478,0.00034869971973183165,True
koff_x_RT_KA_fixed,4.860340175990216,0.15848931924611134,1.1240609869832932,0.017862051621184347,0.020695786197457832,False
koff_x_RT_KA_varies,6.918309709189362,0.15848931924611134,0.7629266552373587,0.00015083723820957326,0.00047934901414519143,False
koff_x_RT_KA_fixed,6.918309709189362,0.15848931924611134,1.0637376658901945,0.022087390948227138,0.027032580005035573,False
koff_x_RT_KA_varies,9.847666521101578,0.15848931924611134,0.7201645050079812,0.00020599908285829277,0.000656256863888407,False
koff_x_RT_KA_fixed,9.847666521101578,0.15848931924611134,1.0244477355452493,0.0265166781326731,0.034595260895953044,False
koff_x_RT_KA_varies,14.017374183467695,0.15848931924611134,0.6804850598889615,0.0002808534763833212,0.0008952649800532158,False
koff_x_RT_KA_fixed,14.017374183467695,0.15848931924611134,1.0039872288447769,0.030886346836932633,0.04330671728561739,False
koff_x_RT_KA_varies,19.952623149688797,0.15848931924611134,0.6445419474071568,0.00038232611294539506,0.001217703836693126,False
koff_x_RT_KA_fixed,19.952623149688797,0.15848931924611134,0.9985131942202408,0.03495318544610785,0.05298025861040672,False
koff_x_RT_KA_varies,0.1,0.251188643150958,10.725729154439925,1.9841720735886225e-06,6.12116537704066e-06,True
koff_x_RT_KA_fixed,0.1,0.251188643150958,4.341699997907347,0.001088021947324768,0.0011201121455501014,False
koff_x_RT_KA_varies,0.14234208838643417,0.251188643150958,3.6928487130695387,2.7653128235608235e-06,8.681546996409217e-06,True
koff_x_RT_KA_fixed,0.14234208838643417,0.251188643150958,3.860066625806459,0.0015330077828841207,0.001585369740820159,False
koff_x_RT_KA_varies,0.20261270126211434,0.251188643150958,1.5445400002099015,3.830359991049111e-06,1.2297578377711268e-05,True
koff_x_RT_KA_fixed,0.20261270126211434,0.251188643150958,3.325014699373313,0.002151043204634218,0.0022386741004599194,False
koff_x_RT_KA_varies,0.28840315031266056,0.251188643150958,0.9804916564288728,5.367562201649473e-06,1.7392252172392372e-05,True
koff_x_RT_KA_fixed,0.28840315031266056,0.251188643150958,2.7986794437883464,0.0030009557999039083,0.0031510058926840115,False
koff_x_RT_KA_varies,0.41051906712730785,0.251188643150958,0.9503816517463591,7.543264359404409e-06,2.4549197116043975e-05,True
koff_x_RT_KA_fixed,0.41051906712730785,0.251188643150958,2.3072297918885862,0.004153900255092087,0.004415477468695714,False
koff_x_RT_KA_varies,0.5843414133735175,0.251188643150958,0.9143756396389855,1.0586312057663249e-05,3.456777488101396e-05,True
koff_x_RT_KA_fixed,0.5843414133735175,0.251188643150958,1.8723130533509067,0.005689204674672057,0.006150128104948448,False
koff_x_RT_KA_varies,0.8317637711026709,0.251188643150958,0.872880877755473,1.4829469703837563e-05,4.853357046172863e-05,True
koff_x_RT_KA_fixed,0.8317637711026709,0.251188643150958,1.5086993484938551,0.007683776382560281,0.00849748975539442,False
koff_x_RT_KA_varies,1.1839499222293017,0.251188643150958,0.8261970457583556,2.0730072908352498e-05,6.790785899255973e-05,True
koff_x_RT_KA_fixed,1.1839499222293017,0.251188643150958,1.2247819509893236,0.010192977421487366,0.011618011063424633,False
koff_x_RT_KA_varies,1.685259044750751,0.251188643150958,0.775006526432074,2.8913133922183767e-05,9.464253554680104e-05,True
koff_x_RT_KA_fixed,1.685259044750751,0.251188643150958,1.1027374353205606,0.013223784207182352,0.015674209576598347,False
koff_x_RT_KA_varies,2.39883291901949,0.251188643150958,0.7206527455769381,4.0233206023577856e-05,0.00013133253582872718,True
koff_x_RT_KA_fixed,2.39883291901949,0.251188643150958,1.0502987279119262,0.016707871777052304,0.020805171916475997,False
koff_x_RT_KA_varies,3.414548873833601,0.251188643150958,0.6651630859095521,5.58597983931041e-05,0.00018142516451661732,True
koff_x_RT_KA_fixed,3.414548873833601,0.251188643150958,1.0162456557097033,0.02048611970025765,0.0270924739914286,False
koff_x_RT_KA_varies,4.860340175990216,0.251188643150958,0.6109734797704499,7.738241532288749e-05,0.00024951278183298086,True
koff_x_RT_KA_fixed,4.860340175990216,0.251188643150958,1.0008879497884668,0.024319284592110767,0.03452727164416559,False
koff_x_RT_KA_varies,6.918309709189362,0.251188643150958,0.5601861950763456,0.00010696939269302252,0.00034174000822645125,True
koff_x_RT_KA_fixed,6.918309709189362,0.251188643150958,0.99357599771259,0.028054615991259586,0.04299086377255272,False
koff_x_RT_KA_varies,9.847666521101578,0.251188643150958,0.5141500158121644,0.00014757438368958478,0.0004663608571411408,True
koff_x_RT_KA_fixed,9.847666521101578,0.251188643150958,0.9696759952236488,0.0318783544012149,0.05224702618320292,False
koff_x_RT_KA_varies,14.017374183467695,0.251188643150958,0.47336417275938975,0.0002032186296432378,0.0006344894617966551,False
koff_x_RT_KA_fixed,14.017374183467695,0.251188643150958,0.9311915979121145,0.03571485833102107,0.06196005363052857,False
koff_x_RT_KA_varies,19.952623149688797,0.251188643150958,0.4376883075990209,0.00027937219778464224,0.0008611061340991306,False
koff_x_RT_KA_fixed,19.952623149688797,0.251188643150958,0.8826753877610309,0.039448177953277624,0.07172474602579079,False
koff_x_RT_KA_varies,0.1,0.3981071705534973,44.29718722600498,6.645013075833485e-06,5.7903849543122374e-06,True
koff_x_RT_KA_fixed,0.1,0.3981071705534973,2.8033749674381716,0.0018193169946641018,0.002063521656108141,False
koff_x_RT_KA_varies,0.14234208838643417,0.3981071705534973,21.109922036527127,7.714237829092265e-06,7.77994628429249e-06,True
koff_x_RT_KA_fixed,0.14234208838643417,0.3981071705534973,2.4302996197711,0.0025403881736586627,0.002906512117987042,False
koff_x_RT_KA_varies,0.20261270126211434,0.3981071705534973,9.812262860952744,8.461998688824444e-06,1.0361558617790418e-05,True
koff_x_RT_KA_fixed,0.20261270126211434,0.3981071705534973,2.051651712061068,0.003520268627005094,0.004076671875536385,False
koff_x_RT_KA_varies,0.28840315031266056,0.3981071705534973,4.542644444145746,8.78500901034785e-06,1.3737357936064574e-05,True
koff_x_RT_KA_fixed,0.28840315031266056,0.3981071705534973,1.687913468324535,0.0048276551469542996,0.005685065930491344,False
koff_x_RT_KA_varies,0.41051906712730785,0.3981071705534973,2.1968920130179725,8.774450655888647e-06,1.8239712906686422e-05,True
koff_x_RT_KA_fixed,0.41051906712730785,0.3981071705534973,1.3588931278664707,0.0065291255750885855,0.007866659925406404,False
koff_x_RT_KA_varies,0.5843414133735175,0.3981071705534973,1.2451175575634668,8.71133637140882e-06,2.438532177359079e-05,True
koff_x_RT_KA_fixed,0.5843414133735175,0.3981071705534973,1.0812667027886815,0.008671177455712727,0.010774282044937019,False
koff_x_RT_KA_varies,0.8317637711026709,0.3981071705534973,0.9784717637168279,9.114903780910846e-06,3.29078320537536e-05,True
koff_x_RT_KA_fixed,0.8317637711026709,0.3981071705534973,1.0358873515249343,0.011253711117097992,0.014563128563710266,False
koff_x_RT_KA_varies,1.1839499222293017,0.3981071705534973,0.7451888223792115,1.2833943190585776e-05,4.478074372471877e-05,True
koff_x_RT_KA_fixed,1.1839499222293017,0.3981071705534973,1.0096555616620033,0.014200945339161894,0.01936380532249094,False
koff_x_RT_KA_varies,1.685259044750751,0.3981071705534973,0.6001394846368576,1.8052192267343335e-05,6.126265496951531e-05,True
koff_x_RT_KA_fixed,1.685259044750751,0.3981071705534973,0.9998583341545901,0.017343781285961916,0.025246355029412058,False
koff_x_RT_KA_varies,2.39883291901949,0.3981071705534973,0.5026379312914837,2.5355006828569408e-05,8.398569339706342e-05,True
koff_x_RT_KA_fixed,2.39883291901949,0.3981071705534973,0.9871466833500021,0.02063494401277724,0.03218392422772025,False
koff_x_RT_KA_varies,3.414548873833601,0.3981071705534973,0.4304272748832486,3.5552723086142674e-05,0.00011509297455091272,True
koff_x_RT_KA_fixed,3.414548873833601,0.3981071705534973,0.9537088003293334,0.024152085767792195,0.040029823686947755,False
koff_x_RT_KA_varies,4.860340175990216,0.3981071705534973,0.3729703206403321,4.9763101427183646e-05,0.00015743255271404927,True
koff_x_RT_KA_fixed,4.860340175990216,0.3981071705534973,0.9017425648186563,0.027816977954175315,0.048518716543365585,False
koff_x_RT_KA_varies,6.918309709189362,0.3981071705534973,0.32564482727936644,6.952602571792688e-05,0.0002148231020495266,True
koff_x_RT_KA_fixed,6.918309709189362,0.3981071705534973,0.836095349785568,0.03152765010269849,0.057286292083935535,False
koff_x_RT_KA_varies,9.847666521101578,0.3981071705534973,0.2862615636130435,9.6960686056906e-05,0.00029241176365498453,True
koff_x_RT_KA_fixed,9.847666521101578,0.3981071705534973,0.7628660317245647,0.035163182653667586,0.06591264634272563,False
koff_x_RT_KA_varies,14.017374183467695,0.3981071705534973,0.25344053479101525,0.00013498092574766547,0.00039715177656155594,True
koff_x_RT_KA_fixed,14.017374183467695,0.3981071705534973,0.687851816821648,0.038593636855472783,0.07396211933999063,False
koff_x_RT_KA_varies,19.952623149688797,0.3981071705534973,0.22605847655101402,0.0001875899814660118,0.0005384408178875745,False
koff_x_RT_KA_fixed,19.952623149688797,0.3981071705534973,0.6159513270441852,0.041665101274746104,0.08102216135238521,False
koff_x_RT_KA_varies,0.1,0.6309573444801934,6.1000411146492155,0.00027203659509250156,0.00010450639118638344,False
koff_x_RT_KA_fixed,0.1,0.6309573444801934,1.9972524220224719,0.00258119505040718,0.003348086008827581,False
koff_x_RT_KA_varies,0.14234208838643417,0.6309573444801934,4.188473579495225,0.00029560179104411123,0.00011928080601607399,False
koff_x_RT_KA_fixed,0.14234208838643417,0.6309573444801934,1.7056594429335539,0.0035548142067172847,0.004682635340770133,False
koff_x_RT_KA_varies,0.20261270126211434,0.6309573444801934,2.915209051873749,0.0002907649730067113,0.0001258925657763385,False
koff_x_RT_KA_fixed,0.20261270126211434,0.6309573444801934,1.4106194685928994,0.0048332692527896974,0.0065042219617065244,False
koff_x_RT_KA_varies,0.28840315031266056,0.6309573444801934,2.0915847952690494,0.0002524037771474189,0.0001208526059417196,False
koff_x_RT_KA_fixed,0.28840315031266056,0.6309573444801934,1.1288328099800597,0.006459930135558013,0.008951686882936835,False
koff_x_RT_KA_varies,0.41051906712730785,0.6309573444801934,1.5722570366897535,0.00018925130220187917,0.00010468096264611744,False
koff_x_RT_KA_fixed,0.41051906712730785,0.6309573444801934,1.0045391873890448,0.008442577236763428,0.01217149131305855,False
koff_x_RT_KA_varies,0.5843414133735175,0.6309573444801934,1.2543208084440605,0.00012139036596870052,8.296893814790461e-05,True
koff_x_RT_KA_fixed,0.5843414133735175,0.6309573444801934,0.999064788118514,0.010727660883752276,0.016294439207158708,False
koff_x_RT_KA_varies,0.8317637711026709,0.6309573444801934,1.0723379866272849,6.737352303588945e-05,6.349524006039024e-05,True
koff_x_RT_KA_fixed,0.8317637711026709,0.6309573444801934,0.9839470252038349,0.013329962922983104,0.021399670432216314,False
koff_x_RT_KA_varies,1.1839499222293017,0.6309573444801934,1.00057193754353,3.384044803166745e-05,5.173430837633325e-05,True
koff_x_RT_KA_fixed,1.1839499222293017,0.6309573444801934,0.947567565616178,0.016263897250349237,0.027473481643117317,False
koff_x_RT_KA_varies,1.685259044750751,0.6309573444801934,0.9221671651744032,1.8107506078681757e-05,4.914459698259444e-05,True
koff_x_RT_KA_fixed,1.685259044750751,0.6309573444801934,0.8888216776411156,0.019483736796270943,0.034377305231282115,False
koff_x_RT_KA_varies,2.39883291901949,0.6309573444801934,0.6412021179427748,1.4552190498701134e-05,5.488916568272456e-05,True
koff_x_RT_KA_fixed,2.39883291901949,0.6309573444801934,0.8108574690190842,0.022915488732723272,0.04184416611133187,False
koff_x_RT_KA_varies,3.414548873833601,0.6309573444801934,0.3180664861158916,2.057061770937042e-05,6.815972838923754e-05,True
koff_x_RT_KA_fixed,3.414548873833601,0.6309573444801934,0.7201307119314627,0.02645936421856439,0.04950165817167081,False
koff_x_RT_KA_varies,4.860340175990216,0.6309573444801934,0.1976307561546487,2.9048575558048863e-05,8.921548579376407e-05,True
koff_x_RT_KA_fixed,4.860340175990216,0.6309573444801934,0.6244425793303339,0.03000184268905775,0.056926885121174796,False
koff_x_RT_KA_varies,6.918309709189362,0.6309573444801934,0.1427623528291291,4.0971692892586566e-05,0.00011946485761038708,True
koff_x_RT_KA_fixed,6.918309709189362,0.6309573444801934,0.531406646294918,0.033398317264214716,0.06369786476070655,False
koff_x_RT_KA_varies,9.847666521101578,0.6309573444801934,0.11183729106596418,5.77128793445471e-05,0.00016140516990084883,True
koff_x_RT_KA_fixed,9.847666521101578,0.6309573444801934,0.44648363532364865,0.036497425978688526,0.06943416601985523,False
koff_x_RT_KA_varies,14.017374183467695,0.6309573444801934,0.09135585186852054,8.118186017180623e-05,0.00021872822583963316,True
koff_x_RT_KA_fixed,14.017374183467695,0.6309573444801934,0.37275500328680683,0.039140409340351824,0.07382961007441274,False
koff_x_RT_KA_varies,19.952623149688797,0.6309573444801934,0.07643583842691483,0.00011403174890478001,0.00029660739923215314,True
koff_x_RT_KA_fixed,19.952623149688797,0.6309573444801934,0.311085905059489,0.041174385869380624,0.07665960879812297,False
koff_x_RT_KA_varies,0.1,1.0,1.6725289069978706,0.0026388695893657774,0.001568355616358683,False
koff_x_RT_KA_fixed,0.1,1.0,1.6618320523707057,0.0030823974410689047,0.0047165764451751096,False
koff_x_RT_KA_varies,0.14234208838643417,1.0,1.4048221272775454,0.0029345182342498406,0.0018426234786616754,False
koff_x_RT_KA_fixed,0.14234208838643417,1.0,1.4121777847560466,0.00416697594109937,0.006538774787294171,False
koff_x_RT_KA_varies,0.20261270126211434,1.0,1.2058141098359085,0.002977048010340729,0.002016871897963488,False
koff_x_RT_KA_fixed,0.20261270126211434,1.0,1.155879204279095,0.00552965348267216,0.00897446438483409,False
koff_x_RT_KA_varies,0.28840315031266056,1.0,1.0752335286659316,0.0026928175047664852,0.002018959148158107,False
koff_x_RT_KA_fixed,0.28840315031266056,1.0,0.9855346888037344,0.007217797890938034,0.012154983385811828,False
koff_x_RT_KA_varies,0.41051906712730785,1.0,1.0096434869075799,0.0021300068529674777,0.0018171269130957126,False
koff_x_RT_KA_fixed,0.41051906712730785,1.0,0.9568828233743256,0.009262273926761946,0.016184610412915548,False
koff_x_RT_KA_varies,0.5843414133735175,1.0,0.9907707644729786,0.0014629092855772624,0.0014519278520973193,False
koff_x_RT_KA_fixed,0.5843414133735175,1.0,0.9072181865962364,0.011670335069791853,0.02109876212955442,False
koff_x_RT_KA_varies,0.8317637711026709,1.0,0.9314778384635678,0.0009060123814454892,0.001023559964551554,False
koff_x_RT_KA_fixed,0.8317637711026709,1.0,0.8342571591337667,0.01442452009056645,0.02682110923247825,False
koff_x_RT_KA_varies,1.1839499222293017,1.0,0.8298000831142127,0.0005085229354943973,0.0006377975461364,False
koff_x_RT_KA_fixed,1.1839499222293017,1.0,0.7401740425207937,0.017477007889869473,0.033137601934045254,False
koff_x_RT_KA_varies,1.685259044750751,1.0,0.702921524150566,0.0002586585636833203,0.0003570692825995369,False
koff_x_RT_KA_fixed,1.685259044750751,1.0,0.6318827837201261,0.020749212793116496,0.03970833071133929,False
koff_x_RT_KA_varies,2.39883291901949,1.0,0.5642432835535222,0.00012104488821001605,0.000188854679413257,True
koff_x_RT_KA_fixed,2.39883291901949,1.0,0.5193438888109869,0.024130012815253676,0.04611611668483532,False
koff_x_RT_KA_varies,3.414548873833601,1.0,0.4209315433243796,5.498233469665405e-05,0.00010633985232873046,True
koff_x_RT_KA_fixed,3.414548873833601,1.0,0.4124067806992005,0.027485714271913368,0.05193966467318096,False
koff_x_RT_KA_varies,4.860340175990216,1.0,0.2773186323860071,2.7748204088339445e-05,7.590487371213107e-05,True
koff_x_RT_KA_fixed,4.860340175990216,1.0,0.3184223445024857,0.03065563383761547,0.05681236489850659,False
koff_x_RT_KA_varies,6.918309709189362,1.0,0.13370284416073225,2.1894853062889744e-05,7.333019297066587e-05,True
koff_x_RT_KA_fixed,6.918309709189362,1.0,0.2409408296801397,0.03347458745999579,0.06045577152905365,False
koff_x_RT_KA_varies,9.847666521101578,1.0,0.04827616571713718,3.106380473066209e-05,8.650400281805984e-05,True
koff_x_RT_KA_fixed,9.847666521101578,1.0,0.1802978186672145,0.035771024363530975,0.06268884859442048,False
koff_x_RT_KA_varies,14.017374183467695,1.0,0.024339052380515508,4.404002243971421e-05,0.00011153812669013485,True
koff_x_RT_KA_fixed,14.017374183467695,1.0,0.13465257743754896,0.03738566709915451,0.06341934940349114,False
koff_x_RT_KA_varies,19.952623149688797,1.0,0.01553507657146142,6.238501886926511e-05,0.00014883863984209436,True
koff_x_RT_KA_fixed,19.952623149688797,1.0,0.10114356115053445,0.038208407733399036,0.06263942697646435,False
koff_x_RT_KA_varies,0.1,1.584893192461114,1.05757702187173,0.0066005992538645175,0.006351532850626112,False
koff_x_RT_KA_fixed,0.1,1.584893192461114,1.5740139974723557,0.0032464144995942665,0.0058331680435400254,False
koff_x_RT_KA_varies,0.14234208838643417,1.584893192461114,1.010856286964822,0.007424070074723449,0.0077048453730119695,False
koff_x_RT_KA_fixed,0.14234208838643417,1.584893192461114,1.3314403699192958,0.004360262027848856,0.008010970695632271,False
koff_x_RT_KA_varies,0.20261270126211434,1.584893192461114,0.9958901573565835,0.00767385384415495,0.00882311398471346,False
koff_x_RT_KA_fixed,0.20261270126211434,1.584893192461114,1.074507721456825,0.005773614157837236,0.010856605611338515,False
koff_x_RT_KA_varies,0.28840315031266056,1.584893192461114,0.9483344001210471,0.007423897575259976,0.009407702833599988,False
koff_x_RT_KA_fixed,0.28840315031266056,1.584893192461114,0.8966176914145157,0.0075233564662599796,0.014460213458638084,False
koff_x_RT_KA_varies,0.41051906712730785,1.584893192461114,0.8484435738747306,0.0067590332218541585,0.009229709870699127,False
koff_x_RT_KA_fixed,0.41051906712730785,1.584893192461114,0.8273112907330077,0.009630389236939913,0.01884332260506742,False
koff_x_RT_KA_varies,0.5843414133735175,1.584893192461114,0.7111888042728443,0.0057604794869913056,0.008263048741295794,False
koff_x_RT_KA_fixed,0.5843414133735175,1.584893192461114,0.7346464511758143,0.01209185358066799,0.02391478571301782,False
koff_x_RT_KA_varies,0.8317637711026709,1.584893192461114,0.5606992993313531,0.004572361805408225,0.006721323277765537,False
koff_x_RT_KA_fixed,0.8317637711026709,1.584893192461114,0.62247606783648,0.014875445325620804,0.029441628568427015,False
koff_x_RT_KA_varies,1.1839499222293017,1.584893192461114,0.4191107569666332,0.0033624711487643863,0.004959362884085053,False
koff_x_RT_KA_fixed,1.1839499222293017,1.584893192461114,0.5003306501196265,0.017908496085303552,0.0350657031842515,False
koff_x_RT_KA_varies,1.685259044750751,1.584893192461114,0.29998756896669604,0.0022759122014399053,0.003316727568381969,False
koff_x_RT_KA_fixed,1.685259044750751,1.584893192461114,0.3805842222560348,0.021081859288910976,0.040366358578619456,False
koff_x_RT_KA_varies,2.39883291901949,1.584893192461114,0.20749904504684458,0.0014083788380849288,0.002009180443818476,False
koff_x_RT_KA_fixed,2.39883291901949,1.584893192461114,0.27445460411829503,0.024249356084259308,0.04494375919485735,False
koff_x_RT_KA_varies,3.414548873833601,1.584893192461114,0.13981645362641076,0.0007917511093545748,0.0011037149466845016,False
koff_x_RT_KA_fixed,3.414548873833601,1.584893192461114,0.18860629157093112,0.02724478768314333,0.048489272197671136,False
koff_x_RT_KA_varies,4.860340175990216,1.584893192461114,0.09231874930580146,0.0004030688644150733,0.0005553677729265705,False
koff_x_RT_KA_fixed,4.860340175990216,1.584893192461114,0.12454081871598058,0.029880315028409293,0.050805357193369906,False
koff_x_RT_KA_varies,6.918309709189362,1.584893192461114,0.059733306019995866,0.00018734960878148568,0.00026642148103675896,False
koff_x_RT_KA_fixed,6.918309709189362,1.584893192461114,0.07983198270224307,0.031976883992254276,0.051799474708520074,False
koff_x_RT_KA_varies,9.847666521101578,1.584893192461114,0.03720577205062123,8.286665528107504e-05,0.00013653258246130914,True
koff_x_RT_KA_fixed,9.847666521101578,1.584893192461114,0.05027214548287962,0.03337373591724143,0.05146381133205121,False
koff_x_RT_KA_varies,14.017374183467695,1.584893192461114,0.021040133441237698,3.9283409585123985e-05,9.075045027526777e-05,True
koff_x_RT_KA_fixed,14.017374183467695,1.584893192461114,0.03150116588190774,0.03394852580648587,0.04985563471273053,False
koff_x_RT_KA_varies,19.952623149688797,1.584893192461114,0.007862366914499756,3.109174683472093e-05,8.544757360573505e-05,True
koff_x_RT_KA_fixed,19.952623149688797,1.584893192461114,0.019897749759168644,0.03362439011210772,0.047092178105939096,False
koff_x_RT_KA_varies,0.1,2.511886431509581,0.9923502529497339,0.007819120396981696,0.011302986753540177,False
koff_x_RT_KA_fixed,0.1,2.511886431509581,1.5517395189771341,0.0032878375321201466,0.006557849254996489,False
koff_x_RT_KA_varies,0.14234208838643417,2.511886431509581,0.9516879991324039,0.009157370927288331,0.014055702459924947,False
koff_x_RT_KA_fixed,0.14234208838643417,2.511886431509581,1.311341080604959,0.004407902599998218,0.00892862421530891,False
koff_x_RT_KA_varies,0.20261270126211434,2.511886431509581,0.8679215946110177,0.010355375912945067,0.016681042407033553,False
koff_x_RT_KA_fixed,0.20261270126211434,2.511886431509581,1.0572999020426415,0.005823875518638237,0.01196043035483988,False
koff_x_RT_KA_varies,0.28840315031266056,2.511886431509581,0.7414937913127506,0.011260162846560303,0.018705936834858754,False
koff_x_RT_KA_fixed,0.28840315031266056,2.511886431509581,0.805343483923554,0.007568510395561841,0.01568993643478897,False
koff_x_RT_KA_varies,0.41051906712730785,2.511886431509581,0.5870765302617003,0.011721678478653576,0.019662243352712258,False
koff_x_RT_KA_fixed,0.41051906712730785,2.511886431509581,0.6998671154068328,0.009657462790760471,0.02005545116089806,False
koff_x_RT_KA_varies,0.5843414133735175,2.511886431509581,0.42905787591473526,0.011631825380931616,0.019281291098252915,False
koff_x_RT_KA_fixed,0.5843414133735175,2.511886431509581,0.5836453345645384,0.012079103685456491,0.024859926323295898,False
koff_x_RT_KA_varies,0.8317637711026709,2.511886431509581,0.2903585807470573,0.010956974785856747,0.017615443675455394,False
koff_x_RT_KA_fixed,0.8317637711026709,2.511886431509581,0.45691908872611714,0.014784831903642645,0.02977279066492146,False
koff_x_RT_KA_varies,1.1839499222293017,2.511886431509581,0.18340469137055893,0.009754633481615923,0.01500280254627791,False
koff_x_RT_KA_fixed,1.1839499222293017,2.511886431509581,0.3333831116840626,0.01768430996894036,0.03438617928160537,False
koff_x_RT_KA_varies,1.685259044750751,2.511886431509581,0.10913368692403091,0.008173170823424334,0.011922074860383063,False
koff_x_RT_KA_fixed,1.685259044750751,2.511886431509581,0.22601529856379252,0.02064632452286953,0.03830496227042271,False
koff_x_RT_KA_varies,2.39883291901949,2.511886431509581,0.061742630079785296,0.006415528866520914,0.008837341712950562,False
koff_x_RT_KA_fixed,2.39883291901949,2.511886431509581,0.14260890238293505,0.023496995748790047,0.04123274716859114,False
koff_x_RT_KA_varies,3.414548873833601,2.511886431509581,0.03353289380608019,0.004692335890063425,0.006097909006128132,False
koff_x_RT_KA_fixed,3.414548873833601,2.511886431509581,0.08412742672342233,0.02604976269669948,0.04299811868872564,False
koff_x_RT_KA_varies,4.860340175990216,2.511886431509581,0.017687681307842745,0.003177749357467695,0.0039012458695246886,False
koff_x_RT_KA_fixed,4.860340175990216,2.511886431509581,0.04673138436200007,0.028108659755433384,0.0435429961532559,False
koff_x_RT_KA_varies,6.918309709189362,2.511886431509581,0.009210971743844087,0.0019763622471987517,0.0023022363440108936,False
koff_x_RT_KA_fixed,6.918309709189362,2.511886431509581,0.024670736117916068,0.029486913950127622,0.042889875572991204,False
koff_x_RT_KA_varies,9.847666521101578,2.511886431509581,0.004831496614647395,0.0011192402617377618,0.0012479723242596976,False
koff_x_RT_KA_fixed,9.847666521101578,2.511886431509581,0.012510855345432155,0.030059041606733526,0.04112170870985442,False
koff_x_RT_KA_varies,14.017374183467695,2.511886431509581,0.002607099915774939,0.0005726503266908485,0.0006238990550734983,False
koff_x_RT_KA_fixed,14.017374183467695,2.511886431509581,0.006177900257661868,0.02975386555061707,0.038370930553024506,False
koff_x_RT_KA_varies,19.952623149688797,2.511886431509581,0.0014637077007706972,0.0002650435034614875,0.00029747629412627463,False
koff_x_RT_KA_fixed,19.952623149688797,2.511886431509581,0.003022960962695382,0.028551384436014543,0.034815919495444686,False
koff_x_RT_KA_varies,0.1,3.981071705534973,0.9367212334787756,0.0069256965039319164,0.012657909049662497,False
koff_x_RT_KA_fixed,0.1,3.981071705534973,1.549432424202833,0.003279321665298239,0.006970072824371037,False
koff_x_RT_KA_varies,0.14234208838643417,3.981071705534973,0.8639178996018164,0.00856870101144362,0.016109183106483748,False
koff_x_RT_KA_fixed,0.14234208838643417,3.981071705534973,1.3123037254464922,0.004384671570451773,0.009423055619057197,False
koff_x_RT_KA_varies,0.20261270126211434,3.981071705534973,0.755614752190399,0.010329459017505281,0.019744562811953203,False
koff_x_RT_KA_fixed,0.20261270126211434,3.981071705534973,1.0620343083666899,0.005774972839867776,0.012504907360230343,False
koff_x_RT_KA_varies,0.28840315031266056,3.981071705534973,0.6168023456870613,0.012097740323505024,0.02312903802678586,False
koff_x_RT_KA_fixed,0.28840315031266056,3.981071705534973,0.8141464906269329,0.0074776090013540224,0.016205863249584986,False
koff_x_RT_KA_varies,0.41051906712730785,3.981071705534973,0.4636459384667723,0.013722521830855703,0.02573843750022925,False
koff_x_RT_KA_fixed,0.41051906712730785,3.981071705534973,0.614488799135369,0.00950048465180201,0.020400998997419095,False
koff_x_RT_KA_varies,0.5843414133735175,3.981071705534973,0.31839426513227537,0.015028862698241071,0.02712131931313366,False
koff_x_RT_KA_fixed,0.5843414133735175,3.981071705534973,0.488937254149586,0.01182377798563354,0.024827301753707627,False
koff_x_RT_KA_varies,0.8317637711026709,3.981071705534973,0.19963911885506072,0.015836234217156308,0.027054871623613315,False
koff_x_RT_KA_fixed,0.8317637711026709,3.981071705534973,0.3608066132431572,0.014387662525977835,0.029110873118294,False
koff_x_RT_KA_varies,1.1839499222293017,3.981071705534973,0.11482465408373849,0.016004970081603863,0.025591446187442517,False
koff_x_RT_KA_fixed,1.1839499222293017,3.981071705534973,0.24499036144740746,0.017089369732503672,0.03284867923327576,False
koff_x_RT_KA_varies,1.685259044750751,3.981071705534973,0.06103559267714204,0.015460751215369913,0.023000726333280493,False
koff_x_RT_KA_fixed,1.685259044750751,3.981071705534973,0.15258609552452787,0.0197837039310609,0.035706306969578286,False
koff_x_RT_KA_varies,2.39883291901949,3.981071705534973,0.030180070479033174,0.014233526208147723,0.019662077978999343,False
koff_x_RT_KA_fixed,2.39883291901949,3.981071705534973,0.0872986225832139,0.022285685004451904,0.03747811396372774,False
koff_x_RT_KA_varies,3.414548873833601,3.981071705534973,0.013966724391881537,0.01244028377492373,0.015978673860893824,False
koff_x_RT_KA_fixed,3.414548873833601,3.981071705534973,0.0460674359774846,0.024392874404763433,0.038088499684866606,False
koff_x_RT_KA_varies,4.860340175990216,3.981071705534973,0.006080517928388838,0.010292113715555678,0.012318022890984458,False
koff_x_RT_KA_fixed,4.860340175990216,3.981071705534973,0.022530098064552796,0.025916233586395117,0.037556311028633674,False
koff_x_RT_KA_varies,6.918309709189362,3.981071705534973,0.002514388423215688,0.008025470001629474,0.00897458843113236,False
koff_x_RT_KA_fixed,6.918309709189362,3.981071705534973,0.010269673492361015,0.02668995269883572,0.035967312740310786,False
koff_x_RT_KA_varies,9.847666521101578,3.981071705534973,0.0010068414900061095,0.005857240429706062,0.006146580542137387,False
koff_x_RT_KA_fixed,9.847666521101578,3.981071705534973,0.004389936374473837,0.02662026054005212,0.03345529830632206,False
koff_x_RT_KA_varies,14.017374183467695,3.981071705534973,0.0004018509500171738,0.003973841834229086,0.003929778430152663,False
koff_x_RT_KA_fixed,14.017374183467695,3.981071705534973,0.0017774061856822188,0.025667613169958386,0.030197612833202745,False
koff_x_RT_KA_varies,19.952623149688797,3.981071705534973,0.00016649738651544383,0.0024811684154728794,0.002326287887039675,False
koff_x_RT_KA_fixed,19.952623149688797,3.981071705534973,0.0006909825434335108,0.02391932485227254,0.026408888615725677,False
koff_x_RT_KA_varies,0.1,6.309573444801933,1.1089511110449917,0.005117353471857111,0.01066535032371028,False
koff_x_RT_KA_fixed,0.1,6.309573444801933,1.5514081347330158,0.003258453076661521,0.007195948621664494,False
koff_x_RT_KA_varies,0.14234208838643417,6.309573444801933,0.8816426624539684,0.006591127959909909,0.0139220965250089,False
koff_x_RT_KA_fixed,0.14234208838643417,6.309573444801933,1.316998499162907,0.004345296408851282,0.00967826120446894,False
koff_x_RT_KA_varies,0.20261270126211434,6.309573444801933,0.7264188717164644,0.008317460979324157,0.017647395584160907,False
koff_x_RT_KA_fixed,0.20261270126211434,6.309573444801933,1.0699837398619927,0.005704629471950644,0.012755393835579039,False
koff_x_RT_KA_varies,0.28840315031266056,6.309573444801933,0.6012190188977078,0.01026056371541496,0.021580986451795164,False
koff_x_RT_KA_fixed,0.28840315031266056,6.309573444801933,0.8253758516873572,0.0073582185416704755,0.01638513462344529,False
koff_x_RT_KA_varies,0.41051906712730785,6.309573444801933,0.46122667907924264,0.01234585695861985,0.025319163402570934,False
koff_x_RT_KA_fixed,0.41051906712730785,6.309573444801933,0.6001691116818483,0.009306706466334903,0.02040061338469649,False
koff_x_RT_KA_varies,0.5843414133735175,6.309573444801933,0.32405600104221083,0.014455165511536645,0.028395274377583494,False
koff_x_RT_KA_fixed,0.5843414133735175,6.309573444801933,0.43602545755253663,0.011521470031567263,0.024502761005815835,False
koff_x_RT_KA_varies,0.8317637711026709,6.309573444801933,0.20721080205597434,0.01642807987902335,0.030413300019190306,False
koff_x_RT_KA_fixed,0.8317637711026709,6.309573444801933,0.31028686945824346,0.013933302807072303,0.028302876333842982,False
koff_x_RT_KA_varies,1.1839499222293017,6.309573444801933,0.12057023687440795,0.018077394637178768,0.031153636503561705,False
koff_x_RT_KA_fixed,1.1839499222293017,6.309573444801933,0.2018568525250157,0.016429931883058493,0.03141806519988094,False
koff_x_RT_KA_varies,1.685259044750751,6.309573444801933,0.06411272640657383,0.01921532782292347,0.030593862978853328,False
koff_x_RT_KA_fixed,1.685259044750751,6.309573444801933,0.11975579433884197,0.01885875628328131,0.03356328207273409,False
koff_x_RT_KA_varies,2.39883291901949,6.309573444801933,0.031340776670116664,0.019679032145596968,0.028864150669733833,False
koff_x_RT_KA_fixed,2.39883291901949,6.309573444801933,0.06493442224031717,0.021031141764072177,0.034594319445818894,False
koff_x_RT_KA_varies,3.414548873833601,6.309573444801933,0.01415466638381025,0.019368069738384737,0.02618775793025809,False
koff_x_RT_KA_fixed,3.414548873833601,6.309573444801933,0.032309607548771005,0.022751863705915622,0.03449019070685582,False
koff_x_RT_KA_varies,4.860340175990216,6.309573444801933,0.005923099287236229,0.018282154139143112,0.02283850963966695,False
koff_x_RT_KA_fixed,4.860340175990216,6.309573444801933,0.014819131390168777,0.023831835058080002,0.03331513000356148,False
koff_x_RT_KA_varies,6.918309709189362,6.309573444801933,0.002303471903182283,0.01651517949140973,0.01911401509302849,False
koff_x_RT_KA_fixed,6.918309709189362,6.309573444801933,0.006285168674490355,0.02414136030781355,0.031192477841929498,False
koff_x_RT_KA_varies,9.847666521101578,6.309573444801933,0.0008395343414899685,0.014222407310764419,0.015308988273317524,False
koff_x_RT_KA_fixed,9.847666521101578,6.309573444801933,0.0024737902724500343,0.02361698979683355,0.02829186138520195,False
koff_x_RT_KA_varies,14.017374183467695,6.309573444801933,0.0002913453242450687,0.01164190469695143,0.01168823801750488,False
koff_x_RT_KA_fixed,14.017374183467695,6.309573444801933,0.0009099066826511147,0.022264268703576853,0.02482368399601146,False
koff_x_RT_KA_varies,19.952623149688797,6.309573444801933,9.936336810403117e-05,0.009004178357019213,0.008461483544478707,False
koff_x_RT_KA_fixed,19.952623149688797,6.309573444801933,0.00031675592367742805,0.02019679048063598,0.02102363900617965,False
koff_x_RT_KA_varies,0.1,10.0,1.5534889276154065,0.00323978273799168,0.007321459710560529,False
koff_x_RT_KA_fixed,0.1,10.0,1.5534889276154065,0.00323978273799168,0.007321459710560529,False
koff_x_RT_KA_varies,0.14234208838643417,10.0,1.3209760538480115,0.004311410661866755,0.00981181511637512,False
koff_x_RT_KA_fixed,0.14234208838643417,10.0,1.3209760538480115,0.004311410661866755,0.00981181511637512,False
koff_x_RT_KA_varies,0.20261270126211434,10.0,1.0762564856676433,0.005645524451334855,0.012870855084436863,False
koff_x_RT_KA_fixed,0.20261270126211434,10.0,1.0762564856676433,0.005645524451334855,0.012870855084436863,False
koff_x_RT_KA_varies,0.28840315031266056,10.0,0.8339346163022865,0.007259255384325578,0.016433735200695895,False
koff_x_RT_KA_fixed,0.28840315031266056,10.0,0.8339346163022865,0.007259255384325578,0.016433735200695895,False
koff_x_RT_KA_varies,0.41051906712730785,10.0,0.6107265451291288,0.00914692776060592,0.020308785109422564,False
koff_x_RT_KA_fixed,0.41051906712730785,10.0,0.6107265451291288,0.00914692776060592,0.020308785109422564,False
koff_x_RT_KA_varies,0.5843414133735175,10.0,0.4209435125083527,0.011271176417430282,0.0241772678073177,False
koff_x_RT_KA_fixed,0.5843414133735175,10.0,0.4209435125083527,0.011271176417430282,0.0241772678073177,False
koff_x_RT_KA_varies,0.8317637711026709,10.0,0.2834562960899783,0.013557377641203024,0.02764744965694069,False
koff_x_RT_KA_fixed,0.8317637711026709,10.0,0.2834562960899783,0.013557377641203024,0.02764744965694069,False
koff_x_RT_KA_varies,1.1839499222293017,10.0,0.1801589034273429,0.015886404184152148,0.030353889032338342,False
koff_x_RT_KA_fixed,1.1839499222293017,10.0,0.1801589034273429,0.015886404184152148,0.030353889032338342,False
koff_x_RT_KA_varies,1.685259044750751,10.0,0.10424659208569075,0.018099397198526903,0.032045359536212806,False
koff_x_RT_KA_fixed,1.685259044750751,10.0,0.10424659208569075,0.018099397198526903,0.032045359536212806,False
koff_x_RT_KA_varies,2.39883291901949,10.0,0.05507855180960727,0.02000941729623862,0.03261554267531942,False
koff_x_RT_KA_fixed,2.39883291901949,10.0,0.05507855180960727,0.02000941729623862,0.03261554267531942,False
koff_x_RT_KA_varies,3.414548873833601,10.0,0.026696622458680173,0.021422058254467673,0.03207533631801266,False
koff_x_RT_KA_fixed,3.414548873833601,10.0,0.026696622458680173,0.021422058254467673,0.03207533631801266,False
koff_x_RT_KA_varies,4.860340175990216,10.0,0.01242880707704429,0.022177395114492415,0.03051654300268023,False
koff_x_RT_KA_fixed,4.860340175990216,10.0,0.01242880707704429,0.022177395114492415,0.03051654300268023,False
koff_x_RT_KA_varies,6.918309709189362,10.0,0.005432735468082252,0.022154613082227603,0.02808900806661346,False
koff_x_RT_KA_fixed,6.918309709189362,10.0,0.005432735468082252,0.022154613082227603,0.02808900806661346,False
koff_x_RT_KA_varies,9.847666521101578,10.0,0.002152600057902112,0.021314567322795595,0.02498725817299156,False
koff_x_RT_KA_fixed,9.847666521101578,10.0,0.002152600057902112,0.021314567322795595,0.02498725817299156,False
koff_x_RT_KA_varies,14.017374183467695,10.0,0.0007584313554986811,0.01972856590535098,0.021442304226635716,False
koff_x_RT_KA_fixed,14.017374183467695,10.0,0.0007584313554986811,0.01972856590535098,0.021442304226635716,False
koff_x_RT_KA_varies,19.952623149688797,10.0,0.00023299856580083768,0.01751072123215898,0.017701683371051245,False
koff_x_RT_KA_fixed,19.952623149688797,10.0,0.00023299856580083768,0.01751072123215898,0.017701683371051245,False
koff_x_RT_KA_varies,0.1,15.848931924611142,2.0662302806203376,0.0017946943617810523,0.004276691691112528,False
koff_x_RT_KA_fixed,0.1,15.848931924611142,1.5550539121988485,0.0032260976108300036,0.007393225033231027,False
koff_x_RT_KA_varies,0.14234208838643417,15.848931924611142,1.856186407721671,0.0024517854536079777,0.005865823292307367,False
koff_x_RT_KA_fixed,0.14234208838643417,15.848931924611142,1.3237683139602356,0.004286919826872714,0.00988471251536193,False
koff_x_RT_KA_varies,0.20261270126211434,15.848931924611142,1.6177170691382452,0.003310136348872233,0.007933716159543648,False
koff_x_RT_KA_fixed,0.20261270126211434,15.848931924611142,1.0804787643775595,0.005603475920218814,0.012926207593876455,False
koff_x_RT_KA_varies,0.28840315031266056,15.848931924611142,1.3591283584240172,0.004407302357683149,0.010535728250992575,False
koff_x_RT_KA_fixed,0.28840315031266056,15.848931924611142,0.8397679638262008,0.00718885270716438,0.016439094517064722,False
koff_x_RT_KA_varies,0.41051906712730785,15.848931924611142,1.0937236200976215,0.005774935131133844,0.01366842693753345,False
koff_x_RT_KA_fixed,0.41051906712730785,15.848931924611142,0.6178339112255241,0.009033191316282517,0.02021657686501821,False
koff_x_RT_KA_varies,0.5843414133735175,15.848931924611142,0.8380696728874979,0.007431615319293356,0.017233216613925663,False
koff_x_RT_KA_fixed,0.5843414133735175,15.848931924611142,0.42871178987456343,0.011095210156723722,0.023928996651396455,False
koff_x_RT_KA_varies,0.8317637711026709,15.848931924611142,0.6087981269395175,0.009374453877937838,0.02101685228782295,False
koff_x_RT_KA_fixed,0.8317637711026709,15.848931924611142,0.2802450623146839,0.013292232006291399,0.02718447961167865,False
koff_x_RT_KA_varies,1.1839499222293017,15.848931924611142,0.41836991242243077,0.011569469019554086,0.02471103501932073,False
koff_x_RT_KA_fixed,1.1839499222293017,15.848931924611142,0.1727013747118705,0.015501166288530223,0.02963162531029826,False
koff_x_RT_KA_varies,1.685259044750751,15.848931924611142,0.27202102445865917,0.013948471778305096,0.02797852850188718,False
koff_x_RT_KA_fixed,1.685259044750751,15.848931924611142,0.10053430571162192,0.01755695616784785,0.0310406358052644,False
koff_x_RT_KA_varies,2.39883291901949,15.848931924611142,0.1677233873999228,0.01639304930809208,0.030532792371307817,False
koff_x_RT_KA_fixed,2.39883291901949,15.848931924611142,0.05528856432562681,0.019279113965710713,0.03132744205656385,False
koff_x_RT_KA_varies,3.414548873833601,15.848931924611142,0.09834189282356398,0.018756189932731687,0.03218946159181239,False
koff_x_RT_KA_fixed,3.414548873833601,15.848931924611142,0.02862141170535795,0.020481674366655853,0.03052211636505657,False
koff_x_RT_KA_varies,4.860340175990216,15.848931924611142,0.05493408029157581,0.02086008232794971,0.03286719396839333,False
koff_x_RT_KA_fixed,4.860340175990216,15.848931924611142,0.013842067077866664,0.021004212532587243,0.028735146395345953,False
koff_x_RT_KA_varies,6.918309709189362,15.848931924611142,0.02920393562488062,0.0225071438265967,0.032562380580151276,False
koff_x_RT_KA_fixed,6.918309709189362,15.848931924611142,0.006162389889099489,0.020756186351066866,0.02613356358388567,False
koff_x_RT_KA_varies,9.847666521101578,15.848931924611142,0.014695760534384171,0.023534294667858398,0.03132461546964943,False
koff_x_RT_KA_fixed,9.847666521101578,15.848931924611142,0.0024805676925788054,0.019730833903089825,0.022928146576895025,False
koff_x_RT_KA_varies,14.017374183467695,15.848931924611142,0.006943573349232146,0.02381656238264826,0.029250360177509104,False
koff_x_RT_KA_fixed,14.017374183467695,15.848931924611142,0.0008876129879558696,0.01798864378910392,0.019362365205789177,False
koff_x_RT_KA_varies,19.952623149688797,15.848931924611142,0.0030589082706990478,0.023282714575784378,0.02648217379243222,False
koff_x_RT_KA_fixed,19.952623149688797,15.848931924611142,0.00027606387251476075,0.015700579440354172,0.015689647618927223,False
koff_x_RT_KA_varies,0.1,25.11886431509582,2.560652780126727,0.0008918501808329517,0.0022025757116035626,False
koff_x_RT_KA_fixed,0.1,25.11886431509582,1.5561197660994865,0.003216832172677045,0.00743554076814375,False
koff_x_RT_KA_varies,0.14234208838643417,25.11886431509582,2.401396459384955,0.001241512137746487,0.003072382851696354,False
koff_x_RT_KA_fixed,0.14234208838643417,25.11886431509582,1.3255872522346062,0.004270528364337534,0.009926128273850577,False
koff_x_RT_KA_varies,0.20261270126211434,25.11886431509582,2.207039656618452,0.0017153448985040096,0.004251444298416882,False
koff_x_RT_KA_fixed,0.20261270126211434,25.11886431509582,1.0832992209935937,0.005575223302415451,0.01295445256173058,False
koff_x_RT_KA_varies,0.28840315031266056,25.11886431509582,1.978239751600961,0.002347759134270342,0.0058193019889340985,False
koff_x_RT_KA_fixed,0.28840315031266056,25.11886431509582,0.8434910700813194,0.0071420020646588206,0.016433205783380627,False
koff_x_RT_KA_varies,0.41051906712730785,25.11886431509582,1.7196629535073262,0.003176971205203179,0.007850881545118916,False
koff_x_RT_KA_fixed,0.41051906712730785,25.11886431509582,0.6225008841121862,0.008957470612418625,0.020146208480837386,False
koff_x_RT_KA_varies,0.5843414133735175,25.11886431509582,1.4413816631963094,0.004241024245121078,0.010393854898217784,False
koff_x_RT_KA_fixed,0.5843414133735175,25.11886431509582,0.43378852100668525,0.01097741601206009,0.023757738501040612,False
koff_x_RT_KA_varies,0.8317637711026709,25.11886431509582,1.1580750406572644,0.0055733768311069295,0.01343851571686888,False
koff_x_RT_KA_fixed,0.8317637711026709,25.11886431509582,0.2852474328137277,0.013115007458160596,0.026876911105675288,False
koff_x_RT_KA_varies,1.1839499222293017,25.11886431509582,0.88725702091749,0.007197086117156663,0.01688589834375574,False
koff_x_RT_KA_fixed,1.1839499222293017,25.11886431509582,0.17715223597656468,0.01524406395449653,0.029161758902656293,False
koff_x_RT_KA_varies,1.685259044750751,25.11886431509582,0.6461865532745433,0.009113112016693842,0.020535155508100957,False
koff_x_RT_KA_fixed,1.685259044750751,25.11886431509582,0.10407380883375454,0.01719827299870841,0.030396231697885363,False
koff_x_RT_KA_varies,2.39883291901949,25.11886431509582,0.44668733726330423,0.011297243499683375,0.024107004981862412,False
koff_x_RT_KA_fixed,2.39883291901949,25.11886431509582,0.05783646678017031,0.018796427843746927,0.03050880274193365,False
koff_x_RT_KA_varies,3.414548873833601,25.11886431509582,0.2935061009810931,0.013685018692481296,0.027303877836407572,False
koff_x_RT_KA_fixed,3.414548873833601,25.11886431509582,0.030280165834503384,0.019859093425579045,0.029543007180011807,False
koff_x_RT_KA_varies,4.860340175990216,25.11886431509582,0.1837529195097218,0.016177982375899215,0.02987727853903365,False
koff_x_RT_KA_fixed,4.860340175990216,25.11886431509582,0.014818139250498292,0.020233684434117123,0.02762053552216541,False
koff_x_RT_KA_varies,6.918309709189362,25.11886431509582,0.11001839973344546,0.018636566938857808,0.03166288024252531,False
koff_x_RT_KA_fixed,6.918309709189362,25.11886431509582,0.006674397808107544,0.019842622241928023,0.024918405690484344,False
koff_x_RT_KA_varies,9.847666521101578,25.11886431509582,0.0631776883877783,0.020890209831338005,0.03257679929966765,False
koff_x_RT_KA_fixed,9.847666521101578,25.11886431509582,0.002716131528392053,0.018697578549640388,0.021659065327279944,False
koff_x_RT_KA_varies,14.017374183467695,25.11886431509582,0.03480012893336504,0.022754104495593043,0.032593995188196945,False
koff_x_RT_KA_fixed,14.017374183467695,25.11886431509582,0.0009810868125872366,0.016873833770844743,0.01809298256998385,False
koff_x_RT_KA_varies,19.952623149688797,25.11886431509582,0.018324399818929585,0.024052753157589733,0.0317322067363515,False
koff_x_RT_KA_fixed,19.952623149688797,25.11886431509582,0.00030756555845368937,0.014552075161319199,0.01447541912478954,False
koff_x_RT_KA_varies,0.1,39.810717055349734,2.9543159106509433,0.000409113004419327,0.0010350001530521741,False
koff_x_RT_KA_fixed,0.1,39.810717055349734,1.5567095889936862,0.0032109204708710166,0.007461119863323274,False
koff_x_RT_KA_varies,0.14234208838643417,39.810717055349734,2.8545622762281004,0.0005760721577451001,0.0014586189095238396,False
koff_x_RT_KA_fixed,0.14234208838643417,39.810717055349734,1.3267077800282112,0.004260028285774264,0.009950613609272742,False
koff_x_RT_KA_varies,0.20261270126211434,39.810717055349734,2.725211976542965,0.0008078559202469731,0.0020472259552959424,False
koff_x_RT_KA_fixed,0.20261270126211434,39.810717055349734,1.085015651946266,0.005556954099399729,0.012969838898220648,False
koff_x_RT_KA_varies,0.28840315031266056,39.810717055349734,2.5615716751371993,0.0011267839773276478,0.0028571046467556053,False
koff_x_RT_KA_fixed,0.28840315031266056,39.810717055349734,0.8460064861971353,0.0071114016017974685,0.016425871782212064,False
koff_x_RT_KA_varies,0.41051906712730785,39.810717055349734,2.3608933257062685,0.0015606383985961132,0.003956358791569679,False
koff_x_RT_KA_fixed,0.41051906712730785,39.810717055349734,0.6253838671945424,0.008908869776122373,0.020097603322816668,False
koff_x_RT_KA_varies,0.5843414133735175,39.810717055349734,2.123281619719297,0.0021426787679508985,0.005420970592147964,False
koff_x_RT_KA_fixed,0.5843414133735175,39.810717055349734,0.4370991472701011,0.01090043200909902,0.023645014718064707,False
koff_x_RT_KA_varies,0.8317637711026709,39.810717055349734,1.8537282329287987,0.0029099865299781437,0.007323732761504166,False
koff_x_RT_KA_fixed,0.8317637711026709,39.810717055349734,0.28849044595917445,0.013000265515784298,0.026679007466144312,False
koff_x_RT_KA_varies,1.1839499222293017,39.810717055349734,1.5619176558015764,0.0039014879618237304,0.009715148047804937,False
koff_x_RT_KA_fixed,1.1839499222293017,39.810717055349734,0.18001665201770928,0.015076668853250782,0.028862851691904546,False
koff_x_RT_KA_varies,1.685259044750751,39.810717055349734,1.2632310772360549,0.005152681428066865,0.012594730883578938,False
koff_x_RT_KA_fixed,1.685259044750751,39.810717055349734,0.1063477474041251,0.01696957817594441,0.029988929813350076,False
koff_x_RT_KA_varies,2.39883291901949,39.810717055349734,0.9759358813825325,0.006690441570780589,0.01588226455521606,False
koff_x_RT_KA_fixed,2.39883291901949,39.810717055349734,0.059478107734363246,0.018489552621415446,0.02999486584801304,False
koff_x_RT_KA_varies,3.414548873833601,39.810717055349734,0.7180342474103589,0.008524079086736639,0.01940369096989127,False
koff_x_RT_KA_fixed,3.414548873833601,39.810717055349734,0.031384921872921814,0.019461656183739604,0.028931363000086606,False
koff_x_RT_KA_varies,4.860340175990216,39.810717055349734,0.5025716382292172,0.010637224591686588,0.022909949863436706,False
koff_x_RT_KA_fixed,4.860340175990216,39.810717055349734,0.015465162749850776,0.019744409536536216,0.026926996551211453,False
koff_x_RT_KA_varies,6.918309709189362,39.810717055349734,0.33503625924852987,0.012981966039546614,0.026126986913204767,False
koff_x_RT_KA_fixed,6.918309709189362,39.810717055349734,0.007015765102589723,0.01926757658918714,0.02416638109797927,False
koff_x_RT_KA_varies,9.847666521101578,39.810717055349734,0.2133910590302573,0.015471388906413993,0.028817831196257894,False
koff_x_RT_KA_fixed,9.847666521101578,39.810717055349734,0.002878041758021205,0.018041619932063192,0.02087830426118406,False
koff_x_RT_KA_varies,14.017374183467695,39.810717055349734,0.13034221358602727,0.01798365495678354,0.030816291234750146,False
koff_x_RT_KA_fixed,14.017374183467695,39.810717055349734,0.0010452479779146993,0.016176074724785074,0.01731716528416489,False
koff_x_RT_KA_varies,19.952623149688797,39.810717055349734,0.07665954067316673,0.02035450420152256,0.03202747842924358,False
koff_x_RT_KA_fixed,19.952623149688797,39.810717055349734,0.0003294114231722857,0.013835754045438407,0.013739460915980186,False
koff_x_RT_KA_varies,0.1,63.095734448019364,3.2213190502847624,0.00017786353872929433,0.0004571827752915884,False
koff_x_RT_KA_fixed,0.1,63.095734448019364,1.5571744393619151,0.0032069681131467577,0.0074767160509823655,False
koff_x_RT_KA_varies,0.14234208838643417,63.095734448019364,3.168462437147749,0.00025195094514790056,0.0006477996961736465,False
koff_x_RT_KA_fixed,0.14234208838643417,63.095734448019364,1.3274479204532053,0.004253075680115145,0.00996525840827229,False
koff_x_RT_KA_varies,0.20261270126211434,63.095734448019364,3.0968210212554608,0.0003561920470427065,0.0009161480480569062,False
koff_x_RT_KA_fixed,0.20261270126211434,63.095734448019364,1.0861921097546667,0.005545259208393004,0.012978821852695584,False
koff_x_RT_KA_varies,0.28840315031266056,63.095734448019364,3.0012012263164882,0.0005022151887977003,0.0012921867455066263,False
koff_x_RT_KA_fixed,0.28840315031266056,63.095734448019364,0.8475079765555795,0.007092210080731632,0.01642042292820227,False
koff_x_RT_KA_varies,0.41051906712730785,63.095734448019364,2.876038532924896,0.0007055475828707589,0.001815747790897243,False
koff_x_RT_KA_fixed,0.41051906712730785,63.095734448019364,0.627352748145048,0.008877252921045116,0.020065613908437367,False
koff_x_RT_KA_varies,0.5843414133735175,63.095734448019364,2.716524079143158,0.0009863740515219308,0.0025381560830776578,False
koff_x_RT_KA_fixed,0.5843414133735175,63.095734448019364,0.43911199393577266,0.010852641223197707,0.02357237903070082,False
koff_x_RT_KA_varies,0.8317637711026709,63.095734448019364,2.5187320642060596,0.0013703433090843892,0.00352258132197485,False
koff_x_RT_KA_fixed,0.8317637711026709,63.095734448019364,0.29050157072376864,0.01292808939197127,0.026553152741992957,False
koff_x_RT_KA_varies,1.1839499222293017,63.095734448019364,2.282076834604342,0.001888508115115266,0.004841246748305838,False
koff_x_RT_KA_fixed,1.1839499222293017,63.095734448019364,0.18184213470354718,0.014973251603086466,0.028674047555210733,False
koff_x_RT_KA_varies,1.685259044750751,63.095734448019364,2.0101330872903156,0.0025766318999286314,0.006567133187443058,False
koff_x_RT_KA_fixed,1.685259044750751,63.095734448019364,0.10784368657433187,0.016820701518468168,0.0297330149283816,False
koff_x_RT_KA_varies,2.39883291901949,63.095734448019364,1.7118444759160916,0.003473268479381983,0.008757658831091567,False
koff_x_RT_KA_fixed,2.39883291901949,63.095734448019364,0.06057647373068441,0.018289851678916558,0.029673014358038922,False
koff_x_RT_KA_varies,3.414548873833601,63.095734448019364,1.4018765547682959,0.004615796814800656,0.011429725198348967,False
koff_x_RT_KA_fixed,3.414548873833601,63.095734448019364,0.03209234710392927,0.01920797489148609,0.02854945557622994,False
koff_x_RT_KA_varies,4.860340175990216,63.095734448019364,1.0986177484633894,0.006035412528956563,0.014531174941267933,False
koff_x_RT_KA_fixed,4.860340175990216,63.095734448019364,0.015893713444346397,0.019430563316216405,0.02649569108895054,False
koff_x_RT_KA_varies,6.918309709189362,63.095734448019364,0.8211547384777428,0.007749609926316629,0.01792286878768517,False
koff_x_RT_KA_fixed,6.918309709189362,63.095734448019364,0.007246100207419907,0.018895982313291714,0.023700309960609605,False
koff_x_RT_KA_varies,9.847666521101578,63.095734448019364,0.5846068015118241,0.009753673257091379,0.021385968991725693,False
koff_x_RT_KA_fixed,9.847666521101578,63.095734448019364,0.002981915335018884,0.017634955618747093,0.02039650854540456,False
koff_x_RT_KA_varies,14.017374183467695,63.095734448019364,0.3967918075795844,0.012013705280700568,0.024663825871036875,False
koff_x_RT_KA_fixed,14.017374183467695,63.095734448019364,0.001087725774514428,0.0157366926492862,0.016840902707494818,False
koff_x_RT_KA_varies,19.952623149688797,63.095734448019364,0.25745616044582126,0.01446081540744355,0.02751850676098625,False
koff_x_RT_KA_fixed,19.952623149688797,63.095734448019364,0.00034382209867871594,0.01339240945378479,0.013290478877369245,False
koff_x_RT_KA_varies,0.1,100.0,3.384746500414346,7.475584352213185e-05,0.0001941295671193499,True
koff_x_RT_KA_fixed,0.1,100.0,1.5575010130324525,0.0032044896026795344,0.007486508673824623,False
koff_x_RT_KA_varies,0.14234208838643417,100.0,3.3599867694048084,0.00010618645030079283,0.0002757762653741001,True
koff_x_RT_KA_fixed,0.14234208838643417,100.0,1.3279750139463502,0.0042486978871476904,0.009974460384061698,False
koff_x_RT_KA_varies,0.20261270126211434,100.0,3.325407791050097,0.00015070181109706022,0.0003914398973147872,False
koff_x_RT_KA_fixed,0.20261270126211434,100.0,1.086909362551558,0.005537977618257144,0.01298405923513117,False
koff_x_RT_KA_varies,0.28840315031266056,100.0,3.2775047495581946,0.00021363138748126554,0.0005549575733935955,False
koff_x_RT_KA_fixed,0.28840315031266056,100.0,0.8484734568458484,0.007079757971078332,0.016416473998031783,False
koff_x_RT_KA_varies,0.41051906712730785,100.0,3.2124008629582055,0.0003023180196949498,0.0007854686145852747,False
koff_x_RT_KA_fixed,0.41051906712730785,100.0,0.6285330608828488,0.008857884353212633,0.02004493895376231,False
koff_x_RT_KA_varies,0.5843414133735175,100.0,3.1246071359434477,0.0004268394212120114,0.0011090882872954607,False
koff_x_RT_KA_fixed,0.5843414133735175,100.0,0.4404372843463606,0.010822079979235502,0.023526766731153687,False
koff_x_RT_KA_varies,0.8317637711026709,100.0,3.0088307078942456,0.0006007572155266555,0.0015609137013004432,False
koff_x_RT_KA_fixed,0.8317637711026709,100.0,0.29182859763065455,0.012881569436521065,0.02647369045776308,False
koff_x_RT_KA_varies,1.1839499222293017,100.0,2.859511315569147,0.0008419705433820095,0.0021866598129711107,False
koff_x_RT_KA_fixed,1.1839499222293017,100.0,0.1830140830476589,0.014906373013227291,0.028554894681674554,False
koff_x_RT_KA_varies,1.685259044750751,100.0,2.6719613668766455,0.001173446030150503,0.003043858019317214,False
koff_x_RT_KA_fixed,1.685259044750751,100.0,0.10877798100063668,0.016728519074015045,0.029572174189451447,False
koff_x_RT_KA_varies,2.39883291901949,100.0,2.444398957534988,0.0016236748404827794,0.004200286901890576,False
koff_x_RT_KA_fixed,2.39883291901949,100.0,0.061258098626207076,0.018168533488169072,0.029471422295492038,False
koff_x_RT_KA_varies,3.414548873833601,100.0,2.178452971827557,0.002226290351521568,0.005728527883980123,False
koff_x_RT_KA_fixed,3.414548873833601,100.0,0.03255384008539573,0.019045283074220414,0.028310865746153963,False
koff_x_RT_KA_varies,4.860340175990216,100.0,1.8811765503942037,0.003018924496416787,0.007693350488236442,False
koff_x_RT_KA_fixed,4.860340175990216,100.0,0.016166287389253204,0.0192390516326402,0.026226903345725777,False
koff_x_RT_KA_varies,6.918309709189362,100.0,1.5656185110524927,0.004039853256620254,0.010130409494718783,False
koff_x_RT_KA_fixed,6.918309709189362,100.0,0.007390816746606829,0.018672424308601707,0.023410832628551696,False
koff_x_RT_KA_varies,9.847666521101578,100.0,1.2493699721861187,0.005323891475274097,0.01301900202342268,False
koff_x_RT_KA_fixed,9.847666521101578,100.0,0.0030512326341936465,0.01737688562206139,0.020098070566290066,False
koff_x_RT_KA_varies,14.017374183467695,100.0,0.9524347059097152,0.006895949185107888,0.01625920671598241,False
koff_x_RT_KA_fixed,14.017374183467695,100.0,0.0011160948573111092,0.015459276553121877,0.01654672650467047,False
koff_x_RT_KA_varies,19.952623149688797,100.0,0.6921578962904508,0.008762849579604933,0.019667623780707032,False
koff_x_RT_KA_fixed,19.952623149688797,100.0,0.00035317231243968926,0.013113683431150916,0.01301411110634222,False
